name,accuracy,auc,logloss,annotator_time,abstract_planner_time,logical_planner_time,workflow_builder_time,translator_time,execution_time,plan
Adaboostclassifier Component 0,0.8901734104046243,0.9619812583668006,0.5118470542192346,0.3859516999218613,51.378661500057206,1573.5155581000727,269.37154379999265,326.5617446000688,6.321238399948925,"['component-csv_reader_component', 'component-nonstandard_column_remover_component', 'component-data_partition_component', 'component-ordinalencoder_component', 'component-adaboostclassifier_component', 'component-ordinalencoder_applier_component', 'component-adaboostclassifier_applier_component', 'component-data_writer_component']"
Adaboostclassifier Component 1,0.8901734104046243,0.9555615405332616,0.5236004792043133,0.3859516999218613,51.378661500057206,1573.5155581000727,269.37154379999265,326.5617446000688,4.8118757000193,"['component-csv_reader_component', 'component-nonstandard_column_remover_component', 'component-data_partition_component', 'component-onehotencoder_component', 'component-adaboostclassifier_component', 'component-onehotencoder_applier_component', 'component-adaboostclassifier_applier_component', 'component-data_writer_component']"
Baggingclassifier Component 0,0.9710982658959537,0.9993266900080797,0.09887356892316997,0.3859516999218613,51.378661500057206,1573.5155581000727,269.37154379999265,326.5617446000688,3.4216012000106275,"['component-csv_reader_component', 'component-nonstandard_column_remover_component', 'component-data_partition_component', 'component-ordinalencoder_component', 'component-baggingclassifier_component', 'component-ordinalencoder_applier_component', 'component-baggingclassifier_applier_component', 'component-data_writer_component']"
Baggingclassifier Component 1,0.9942196531791907,0.9990530303030303,0.0716356670424734,0.3859516999218613,51.378661500057206,1573.5155581000727,269.37154379999265,326.5617446000688,3.4400768000632524,"['component-csv_reader_component', 'component-nonstandard_column_remover_component', 'component-data_partition_component', 'component-onehotencoder_component', 'component-baggingclassifier_component', 'component-onehotencoder_applier_component', 'component-baggingclassifier_applier_component', 'component-data_writer_component']"
Bernoullinb Component 0,0.8497109826589595,0.9171155399946136,0.38791338684813964,0.3859516999218613,51.378661500057206,1573.5155581000727,269.37154379999265,326.5617446000688,3.0325650998856872,"['component-csv_reader_component', 'component-nonstandard_column_remover_component', 'component-data_partition_component', 'component-ordinalencoder_component', 'component-binarizer_component', 'component-bernoullinb_component', 'component-ordinalencoder_applier_component', 'component-binarizer_applier_component', 'component-bernoullinb_applier_component', 'component-data_writer_component']"
Bernoullinb Component 1,0.8786127167630058,0.930999180999181,0.4673272605975869,0.3859516999218613,51.378661500057206,1573.5155581000727,269.37154379999265,326.5617446000688,3.1658226000145078,"['component-csv_reader_component', 'component-nonstandard_column_remover_component', 'component-data_partition_component', 'component-onehotencoder_component', 'component-binarizer_component', 'component-bernoullinb_component', 'component-onehotencoder_applier_component', 'component-binarizer_applier_component', 'component-bernoullinb_applier_component', 'component-data_writer_component']"
Bernoullinb Component 2,0.9017341040462428,0.9548882305413412,0.38097265767159755,0.3859516999218613,51.378661500057206,1573.5155581000727,269.37154379999265,326.5617446000688,2.9335345001891255,"['component-csv_reader_component', 'component-nonstandard_column_remover_component', 'component-data_partition_component', 'component-onehotencoder_component', 'component-bernoullinb_component', 'component-onehotencoder_applier_component', 'component-bernoullinb_applier_component', 'component-data_writer_component']"
Bernoullinb Component 3,-1,-1,-1,0.3859516999218613,51.378661500057206,1573.5155581000727,269.37154379999265,326.5617446000688,3.4528590000700206,"['component-csv_reader_component', 'component-nonstandard_column_remover_component', 'component-data_partition_component', 'component-ordinalencoder_component', 'component-randomtreesembedding_component', 'component-bernoullinb_component', 'component-ordinalencoder_applier_component', 'component-randomtreesembedding_applier_component', 'component-bernoullinb_applier_component', 'component-data_writer_component']"
Bernoullinb Component 4,-1,-1,-1,0.3859516999218613,51.378661500057206,1573.5155581000727,269.37154379999265,326.5617446000688,3.121853700140491,"['component-csv_reader_component', 'component-nonstandard_column_remover_component', 'component-data_partition_component', 'component-onehotencoder_component', 'component-randomtreesembedding_component', 'component-bernoullinb_component', 'component-onehotencoder_applier_component', 'component-randomtreesembedding_applier_component', 'component-bernoullinb_applier_component', 'component-data_writer_component']"
Calibratedclassifiercv Component 0,0.8439306358381503,0.9313172043010753,0.35901397295037035,0.3859516999218613,51.378661500057206,1573.5155581000727,269.37154379999265,326.5617446000688,3.3153153001330793,"['component-csv_reader_component', 'component-nonstandard_column_remover_component', 'component-data_partition_component', 'component-calibratedclassifiercv_component', 'component-calibratedclassifiercv_applier_component', 'component-data_writer_component']"
Categoricalnb Component 0,-1,-1,-1,0.3859516999218613,51.378661500057206,1573.5155581000727,269.37154379999265,326.5617446000688,2.9776562999468297,"['component-csv_reader_component', 'component-nonstandard_column_remover_component', 'component-data_partition_component', 'component-ordinalencoder_component', 'component-kbinsdiscretizer_component', 'component-categoricalnb_component', 'component-ordinalencoder_applier_component', 'component-kbinsdiscretizer_applier_component', 'component-categoricalnb_applier_component', 'component-data_writer_component']"
Categoricalnb Component 1,-1,-1,-1,0.3859516999218613,51.378661500057206,1573.5155581000727,269.37154379999265,326.5617446000688,3.1566217998042703,"['component-csv_reader_component', 'component-nonstandard_column_remover_component', 'component-data_partition_component', 'component-onehotencoder_component', 'component-kbinsdiscretizer_component', 'component-categoricalnb_component', 'component-onehotencoder_applier_component', 'component-kbinsdiscretizer_applier_component', 'component-categoricalnb_applier_component', 'component-data_writer_component']"
Complementnb Component 0,0.6184971098265896,0.6931818181818182,0.7605477083412118,0.3859516999218613,51.378661500057206,1573.5155581000727,269.37154379999265,326.5617446000688,3.0337829999625683,"['component-csv_reader_component', 'component-nonstandard_column_remover_component', 'component-data_partition_component', 'component-ordinalencoder_component', 'component-complementnb_component', 'component-ordinalencoder_applier_component', 'component-complementnb_applier_component', 'component-data_writer_component']"
Complementnb Component 1,0.8670520231213873,0.9403147042864893,0.32420743247452927,0.3859516999218613,51.378661500057206,1573.5155581000727,269.37154379999265,326.5617446000688,3.0535046998411417,"['component-csv_reader_component', 'component-nonstandard_column_remover_component', 'component-data_partition_component', 'component-onehotencoder_component', 'component-complementnb_component', 'component-onehotencoder_applier_component', 'component-complementnb_applier_component', 'component-data_writer_component']"
Decisiontreeclassifier Component 0,1.0,1.0,2.220446049250313e-16,0.3859516999218613,51.378661500057206,1573.5155581000727,269.37154379999265,326.5617446000688,3.355311300139874,"['component-csv_reader_component', 'component-nonstandard_column_remover_component', 'component-data_partition_component', 'component-decisiontreeclassifier_component', 'component-decisiontreeclassifier_applier_component', 'component-data_writer_component']"
Dummyclassifier Component 0,0.5895953757225434,0.5,0.6770054775906746,0.3859516999218613,51.378661500057206,1573.5155581000727,269.37154379999265,326.5617446000688,3.1578954998403788,"['component-csv_reader_component', 'component-data_partition_component', 'component-dummyclassifier_component', 'component-dummyclassifier_applier_component', 'component-data_writer_component']"
Extratreeclassifier Component 0,1.0,1.0,2.220446049250313e-16,0.3859516999218613,51.378661500057206,1573.5155581000727,269.37154379999265,326.5617446000688,3.0199678000062704,"['component-csv_reader_component', 'component-nonstandard_column_remover_component', 'component-data_partition_component', 'component-ordinalencoder_component', 'component-extratreeclassifier_component', 'component-ordinalencoder_applier_component', 'component-extratreeclassifier_applier_component', 'component-data_writer_component']"
Extratreeclassifier Component 1,1.0,1.0,2.220446049250313e-16,0.3859516999218613,51.378661500057206,1573.5155581000727,269.37154379999265,326.5617446000688,3.163717599818483,"['component-csv_reader_component', 'component-nonstandard_column_remover_component', 'component-data_partition_component', 'component-onehotencoder_component', 'component-extratreeclassifier_component', 'component-onehotencoder_applier_component', 'component-extratreeclassifier_applier_component', 'component-data_writer_component']"
Extratreesclassifier Component 0,1.0,1.0,2.220446049250313e-16,0.3859516999218613,51.378661500057206,1573.5155581000727,269.37154379999265,326.5617446000688,3.080472399946302,"['component-csv_reader_component', 'component-nonstandard_column_remover_component', 'component-data_partition_component', 'component-ordinalencoder_component', 'component-extratreesclassifier_component', 'component-ordinalencoder_applier_component', 'component-extratreesclassifier_applier_component', 'component-data_writer_component']"
Extratreesclassifier Component 1,1.0,1.0,2.220446049250313e-16,0.3859516999218613,51.378661500057206,1573.5155581000727,269.37154379999265,326.5617446000688,3.3654587001074106,"['component-csv_reader_component', 'component-nonstandard_column_remover_component', 'component-data_partition_component', 'component-onehotencoder_component', 'component-extratreesclassifier_component', 'component-onehotencoder_applier_component', 'component-extratreesclassifier_applier_component', 'component-data_writer_component']"
Gaussiannb Component 0,0.861271676300578,0.91619812583668,0.4975308238631363,0.3859516999218613,51.378661500057206,1573.5155581000727,269.37154379999265,326.5617446000688,3.069195699878037,"['component-csv_reader_component', 'component-nonstandard_column_remover_component', 'component-data_partition_component', 'component-ordinalencoder_component', 'component-gaussiannb_component', 'component-ordinalencoder_applier_component', 'component-gaussiannb_applier_component', 'component-data_writer_component']"
Gaussiannb Component 1,0.8554913294797688,0.9065757818765036,1.6286944349878278,0.3859516999218613,51.378661500057206,1573.5155581000727,269.37154379999265,326.5617446000688,3.2183793999720365,"['component-csv_reader_component', 'component-nonstandard_column_remover_component', 'component-data_partition_component', 'component-onehotencoder_component', 'component-gaussiannb_component', 'component-onehotencoder_applier_component', 'component-gaussiannb_applier_component', 'component-data_writer_component']"
Gaussianprocessclassifier Component 0,0.8959537572254336,0.9606003752345216,0.33135464784269436,0.3859516999218613,51.378661500057206,1573.5155581000727,269.37154379999265,326.5617446000688,3.1636053000111133,"['component-csv_reader_component', 'component-nonstandard_column_remover_component', 'component-data_partition_component', 'component-ordinalencoder_component', 'component-minmaxscaler_component', 'component-gaussianprocessclassifier_component', 'component-ordinalencoder_applier_component', 'component-minmaxscaler_applier_component', 'component-gaussianprocessclassifier_applier_component', 'component-data_writer_component']"
Gaussianprocessclassifier Component 1,0.8959537572254336,0.9428064428064429,0.35965127814388076,0.3859516999218613,51.378661500057206,1573.5155581000727,269.37154379999265,326.5617446000688,3.492550800088793,"['component-csv_reader_component', 'component-nonstandard_column_remover_component', 'component-data_partition_component', 'component-ordinalencoder_component', 'component-quantiletransformer_component', 'component-gaussianprocessclassifier_component', 'component-ordinalencoder_applier_component', 'component-quantiletransformer_applier_component', 'component-gaussianprocessclassifier_applier_component', 'component-data_writer_component']"
Gaussianprocessclassifier Component 2,0.9248554913294798,0.9767379679144385,0.4439981578552667,0.3859516999218613,51.378661500057206,1573.5155581000727,269.37154379999265,326.5617446000688,3.022774799959734,"['component-csv_reader_component', 'component-nonstandard_column_remover_component', 'component-data_partition_component', 'component-onehotencoder_component', 'component-minmaxscaler_component', 'component-gaussianprocessclassifier_component', 'component-onehotencoder_applier_component', 'component-minmaxscaler_applier_component', 'component-gaussianprocessclassifier_applier_component', 'component-data_writer_component']"
Gaussianprocessclassifier Component 3,0.953757225433526,0.9854838709677419,0.4153024641804925,0.3859516999218613,51.378661500057206,1573.5155581000727,269.37154379999265,326.5617446000688,2.9930975001771003,"['component-csv_reader_component', 'component-nonstandard_column_remover_component', 'component-data_partition_component', 'component-onehotencoder_component', 'component-quantiletransformer_component', 'component-gaussianprocessclassifier_component', 'component-onehotencoder_applier_component', 'component-quantiletransformer_applier_component', 'component-gaussianprocessclassifier_applier_component', 'component-data_writer_component']"
Gaussianprocessclassifier Component 4,0.884393063583815,0.9345578231292517,0.3692683161884578,0.3859516999218613,51.378661500057206,1573.5155581000727,269.37154379999265,326.5617446000688,3.053113700123504,"['component-csv_reader_component', 'component-nonstandard_column_remover_component', 'component-data_partition_component', 'component-ordinalencoder_component', 'component-maxabsscaler_component', 'component-gaussianprocessclassifier_component', 'component-ordinalencoder_applier_component', 'component-maxabsscaler_applier_component', 'component-gaussianprocessclassifier_applier_component', 'component-data_writer_component']"
Gaussianprocessclassifier Component 5,0.8554913294797688,0.9204119850187267,0.3802905221056407,0.3859516999218613,51.378661500057206,1573.5155581000727,269.37154379999265,326.5617446000688,3.2776808999478817,"['component-csv_reader_component', 'component-nonstandard_column_remover_component', 'component-data_partition_component', 'component-ordinalencoder_component', 'component-normalizer_component', 'component-gaussianprocessclassifier_component', 'component-ordinalencoder_applier_component', 'component-normalizer_applier_component', 'component-gaussianprocessclassifier_applier_component', 'component-data_writer_component']"
Gaussianprocessclassifier Component 6,0.9248554913294798,0.9602721088435374,0.4348523539874224,0.3859516999218613,51.378661500057206,1573.5155581000727,269.37154379999265,326.5617446000688,2.84540420002304,"['component-csv_reader_component', 'component-nonstandard_column_remover_component', 'component-data_partition_component', 'component-onehotencoder_component', 'component-maxabsscaler_component', 'component-gaussianprocessclassifier_component', 'component-onehotencoder_applier_component', 'component-maxabsscaler_applier_component', 'component-gaussianprocessclassifier_applier_component', 'component-data_writer_component']"
Gaussianprocessclassifier Component 7,0.884393063583815,0.9151785714285714,0.3755729658165715,0.3859516999218613,51.378661500057206,1573.5155581000727,269.37154379999265,326.5617446000688,3.0849676998332143,"['component-csv_reader_component', 'component-nonstandard_column_remover_component', 'component-data_partition_component', 'component-onehotencoder_component', 'component-normalizer_component', 'component-gaussianprocessclassifier_component', 'component-onehotencoder_applier_component', 'component-normalizer_applier_component', 'component-gaussianprocessclassifier_applier_component', 'component-data_writer_component']"
Gaussianprocessclassifier Component 8,0.9364161849710982,0.9702040816326531,0.3753980187186167,0.3859516999218613,51.378661500057206,1573.5155581000727,269.37154379999265,326.5617446000688,3.018861399963498,"['component-csv_reader_component', 'component-nonstandard_column_remover_component', 'component-data_partition_component', 'component-ordinalencoder_component', 'component-robustscaler_component', 'component-gaussianprocessclassifier_component', 'component-ordinalencoder_applier_component', 'component-robustscaler_applier_component', 'component-gaussianprocessclassifier_applier_component', 'component-data_writer_component']"
Gaussianprocessclassifier Component 9,0.9479768786127167,0.9856601731601732,0.43219633941966046,0.3859516999218613,51.378661500057206,1573.5155581000727,269.37154379999265,326.5617446000688,3.055646700086072,"['component-csv_reader_component', 'component-nonstandard_column_remover_component', 'component-data_partition_component', 'component-onehotencoder_component', 'component-robustscaler_component', 'component-gaussianprocessclassifier_component', 'component-onehotencoder_applier_component', 'component-robustscaler_applier_component', 'component-gaussianprocessclassifier_applier_component', 'component-data_writer_component']"
Gradientboostingclassifier Component 0,0.9884393063583815,0.9998661311914324,0.08217389671277278,0.3859516999218613,51.378661500057206,1573.5155581000727,269.37154379999265,326.5617446000688,3.4352770000696182,"['component-csv_reader_component', 'component-nonstandard_column_remover_component', 'component-data_partition_component', 'component-ordinalencoder_component', 'component-gradientboostingclassifier_component', 'component-ordinalencoder_applier_component', 'component-gradientboostingclassifier_applier_component', 'component-data_writer_component']"
Gradientboostingclassifier Component 1,0.9942196531791907,0.9999999999999999,0.08391709651175154,0.3859516999218613,51.378661500057206,1573.5155581000727,269.37154379999265,326.5617446000688,3.198185099987313,"['component-csv_reader_component', 'component-nonstandard_column_remover_component', 'component-data_partition_component', 'component-onehotencoder_component', 'component-gradientboostingclassifier_component', 'component-onehotencoder_applier_component', 'component-gradientboostingclassifier_applier_component', 'component-data_writer_component']"
Histgradientboostingclassifier Component 0,0.9421965317919075,0.9907865786578659,0.1618694431273272,0.3859516999218613,51.378661500057206,1573.5155581000727,269.37154379999265,326.5617446000688,6.568585100118071,"['component-csv_reader_component', 'component-nonstandard_column_remover_component', 'component-data_partition_component', 'component-ordinalencoder_component', 'component-histgradientboostingclassifier_component', 'component-ordinalencoder_applier_component', 'component-histgradientboostingclassifier_applier_component', 'component-data_writer_component']"
Histgradientboostingclassifier Component 1,0.9132947976878613,0.9678217821782178,0.2541483626472006,0.3859516999218613,51.378661500057206,1573.5155581000727,269.37154379999265,326.5617446000688,6.009228199953213,"['component-csv_reader_component', 'component-nonstandard_column_remover_component', 'component-data_partition_component', 'component-onehotencoder_component', 'component-histgradientboostingclassifier_component', 'component-onehotencoder_applier_component', 'component-histgradientboostingclassifier_applier_component', 'component-data_writer_component']"
Kneighborsclassifier Component 0,0.8786127167630058,0.9534638130104196,0.24731456711348146,0.3859516999218613,51.378661500057206,1573.5155581000727,269.37154379999265,326.5617446000688,3.5090681000147015,"['component-csv_reader_component', 'component-nonstandard_column_remover_component', 'component-data_partition_component', 'component-ordinalencoder_component', 'component-minmaxscaler_component', 'component-kneighborsclassifier_component', 'component-ordinalencoder_applier_component', 'component-minmaxscaler_applier_component', 'component-kneighborsclassifier_applier_component', 'component-data_writer_component']"
Kneighborsclassifier Component 1,0.9248554913294798,0.9748326639892905,0.1879005493371081,0.3859516999218613,51.378661500057206,1573.5155581000727,269.37154379999265,326.5617446000688,3.3958468998316675,"['component-csv_reader_component', 'component-nonstandard_column_remover_component', 'component-data_partition_component', 'component-ordinalencoder_component', 'component-quantiletransformer_component', 'component-kneighborsclassifier_component', 'component-ordinalencoder_applier_component', 'component-quantiletransformer_applier_component', 'component-kneighborsclassifier_applier_component', 'component-data_writer_component']"
Kneighborsclassifier Component 2,0.8439306358381503,0.9355742296918768,0.30753535628559875,0.3859516999218613,51.378661500057206,1573.5155581000727,269.37154379999265,326.5617446000688,5.352776999818161,"['component-csv_reader_component', 'component-nonstandard_column_remover_component', 'component-data_partition_component', 'component-onehotencoder_component', 'component-minmaxscaler_component', 'component-kneighborsclassifier_component', 'component-onehotencoder_applier_component', 'component-minmaxscaler_applier_component', 'component-kneighborsclassifier_applier_component', 'component-data_writer_component']"
Kneighborsclassifier Component 3,0.930635838150289,0.9735887096774194,0.18484430257930962,0.3859516999218613,51.378661500057206,1573.5155581000727,269.37154379999265,326.5617446000688,5.327866999898106,"['component-csv_reader_component', 'component-nonstandard_column_remover_component', 'component-data_partition_component', 'component-onehotencoder_component', 'component-quantiletransformer_component', 'component-kneighborsclassifier_component', 'component-onehotencoder_applier_component', 'component-quantiletransformer_applier_component', 'component-kneighborsclassifier_applier_component', 'component-data_writer_component']"
Kneighborsclassifier Component 4,0.9075144508670521,0.9634427563754748,0.22819820368791444,0.3859516999218613,51.378661500057206,1573.5155581000727,269.37154379999265,326.5617446000688,2.989710999885574,"['component-csv_reader_component', 'component-nonstandard_column_remover_component', 'component-data_partition_component', 'component-ordinalencoder_component', 'component-maxabsscaler_component', 'component-kneighborsclassifier_component', 'component-ordinalencoder_applier_component', 'component-maxabsscaler_applier_component', 'component-kneighborsclassifier_applier_component', 'component-data_writer_component']"
Kneighborsclassifier Component 5,0.8901734104046243,0.9597054886211512,0.2371282579728655,0.3859516999218613,51.378661500057206,1573.5155581000727,269.37154379999265,326.5617446000688,3.2115988999139518,"['component-csv_reader_component', 'component-nonstandard_column_remover_component', 'component-data_partition_component', 'component-ordinalencoder_component', 'component-normalizer_component', 'component-kneighborsclassifier_component', 'component-ordinalencoder_applier_component', 'component-normalizer_applier_component', 'component-kneighborsclassifier_applier_component', 'component-data_writer_component']"
Kneighborsclassifier Component 6,0.8497109826589595,0.9303849303849303,0.30702983345135204,0.3859516999218613,51.378661500057206,1573.5155581000727,269.37154379999265,326.5617446000688,4.625904900021851,"['component-csv_reader_component', 'component-nonstandard_column_remover_component', 'component-data_partition_component', 'component-onehotencoder_component', 'component-maxabsscaler_component', 'component-kneighborsclassifier_component', 'component-onehotencoder_applier_component', 'component-maxabsscaler_applier_component', 'component-kneighborsclassifier_applier_component', 'component-data_writer_component']"
Kneighborsclassifier Component 7,0.8959537572254336,0.9636963696369637,0.22136938986659416,0.3859516999218613,51.378661500057206,1573.5155581000727,269.37154379999265,326.5617446000688,4.9395858000498265,"['component-csv_reader_component', 'component-nonstandard_column_remover_component', 'component-data_partition_component', 'component-onehotencoder_component', 'component-normalizer_component', 'component-kneighborsclassifier_component', 'component-onehotencoder_applier_component', 'component-normalizer_applier_component', 'component-kneighborsclassifier_applier_component', 'component-data_writer_component']"
Kneighborsclassifier Component 8,0.8670520231213873,0.944451871657754,0.2908867651604126,0.3859516999218613,51.378661500057206,1573.5155581000727,269.37154379999265,326.5617446000688,3.16155149997212,"['component-csv_reader_component', 'component-nonstandard_column_remover_component', 'component-data_partition_component', 'component-ordinalencoder_component', 'component-robustscaler_component', 'component-kneighborsclassifier_component', 'component-ordinalencoder_applier_component', 'component-robustscaler_applier_component', 'component-kneighborsclassifier_applier_component', 'component-data_writer_component']"
Kneighborsclassifier Component 9,0.8728323699421965,0.9388618119266056,0.2867560907071314,0.3859516999218613,51.378661500057206,1573.5155581000727,269.37154379999265,326.5617446000688,4.752995900111273,"['component-csv_reader_component', 'component-nonstandard_column_remover_component', 'component-data_partition_component', 'component-onehotencoder_component', 'component-robustscaler_component', 'component-kneighborsclassifier_component', 'component-onehotencoder_applier_component', 'component-robustscaler_applier_component', 'component-kneighborsclassifier_applier_component', 'component-data_writer_component']"
Labelpropagation Component 0,0.9826589595375722,0.9997326203208556,0.05470046880942498,0.3859516999218613,51.378661500057206,1573.5155581000727,269.37154379999265,326.5617446000688,3.325218800222501,"['component-csv_reader_component', 'component-nonstandard_column_remover_component', 'component-data_partition_component', 'component-ordinalencoder_component', 'component-minmaxscaler_component', 'component-labelpropagation_component', 'component-ordinalencoder_applier_component', 'component-minmaxscaler_applier_component', 'component-labelpropagation_applier_component', 'component-data_writer_component']"
Labelpropagation Component 1,0.976878612716763,0.9979898150629858,0.07036391852024315,0.3859516999218613,51.378661500057206,1573.5155581000727,269.37154379999265,326.5617446000688,2.910557499853894,"['component-csv_reader_component', 'component-nonstandard_column_remover_component', 'component-data_partition_component', 'component-ordinalencoder_component', 'component-quantiletransformer_component', 'component-labelpropagation_component', 'component-ordinalencoder_applier_component', 'component-quantiletransformer_applier_component', 'component-labelpropagation_applier_component', 'component-data_writer_component']"
Labelpropagation Component 2,0.9942196531791907,1.0,0.034459138265081304,0.3859516999218613,51.378661500057206,1573.5155581000727,269.37154379999265,326.5617446000688,3.0576240001246333,"['component-csv_reader_component', 'component-nonstandard_column_remover_component', 'component-data_partition_component', 'component-onehotencoder_component', 'component-minmaxscaler_component', 'component-labelpropagation_component', 'component-onehotencoder_applier_component', 'component-minmaxscaler_applier_component', 'component-labelpropagation_applier_component', 'component-data_writer_component']"
Labelpropagation Component 3,0.9942196531791907,0.9995951417004049,0.03408191873999627,0.3859516999218613,51.378661500057206,1573.5155581000727,269.37154379999265,326.5617446000688,3.0713877000380307,"['component-csv_reader_component', 'component-nonstandard_column_remover_component', 'component-data_partition_component', 'component-onehotencoder_component', 'component-quantiletransformer_component', 'component-labelpropagation_component', 'component-onehotencoder_applier_component', 'component-quantiletransformer_applier_component', 'component-labelpropagation_applier_component', 'component-data_writer_component']"
Labelpropagation Component 4,0.9826589595375722,0.9994632313472893,0.055601154676310244,0.3859516999218613,51.378661500057206,1573.5155581000727,269.37154379999265,326.5617446000688,3.0265699999872595,"['component-csv_reader_component', 'component-nonstandard_column_remover_component', 'component-data_partition_component', 'component-ordinalencoder_component', 'component-maxabsscaler_component', 'component-labelpropagation_component', 'component-ordinalencoder_applier_component', 'component-maxabsscaler_applier_component', 'component-labelpropagation_applier_component', 'component-data_writer_component']"
Labelpropagation Component 5,0.8323699421965318,0.914004914004914,0.37776045991954565,0.3859516999218613,51.378661500057206,1573.5155581000727,269.37154379999265,326.5617446000688,3.1469775999430567,"['component-csv_reader_component', 'component-nonstandard_column_remover_component', 'component-data_partition_component', 'component-ordinalencoder_component', 'component-normalizer_component', 'component-labelpropagation_component', 'component-ordinalencoder_applier_component', 'component-normalizer_applier_component', 'component-labelpropagation_applier_component', 'component-data_writer_component']"
Labelpropagation Component 6,0.9884393063583815,0.9997249724972497,0.027970298635476155,0.3859516999218613,51.378661500057206,1573.5155581000727,269.37154379999265,326.5617446000688,2.8838091001380235,"['component-csv_reader_component', 'component-nonstandard_column_remover_component', 'component-data_partition_component', 'component-onehotencoder_component', 'component-maxabsscaler_component', 'component-labelpropagation_component', 'component-onehotencoder_applier_component', 'component-maxabsscaler_applier_component', 'component-labelpropagation_applier_component', 'component-data_writer_component']"
Labelpropagation Component 7,0.8786127167630058,0.9564383561643836,0.2853302603472721,0.3859516999218613,51.378661500057206,1573.5155581000727,269.37154379999265,326.5617446000688,3.019114299910143,"['component-csv_reader_component', 'component-nonstandard_column_remover_component', 'component-data_partition_component', 'component-onehotencoder_component', 'component-normalizer_component', 'component-labelpropagation_component', 'component-onehotencoder_applier_component', 'component-normalizer_applier_component', 'component-labelpropagation_applier_component', 'component-data_writer_component']"
Labelpropagation Component 8,0.9884393063583815,0.9995918367346939,0.03270778967070429,0.3859516999218613,51.378661500057206,1573.5155581000727,269.37154379999265,326.5617446000688,3.07315930002369,"['component-csv_reader_component', 'component-nonstandard_column_remover_component', 'component-data_partition_component', 'component-ordinalencoder_component', 'component-robustscaler_component', 'component-labelpropagation_component', 'component-ordinalencoder_applier_component', 'component-robustscaler_applier_component', 'component-labelpropagation_applier_component', 'component-data_writer_component']"
Labelpropagation Component 9,1.0,1.0,0.003864046841400258,0.3859516999218613,51.378661500057206,1573.5155581000727,269.37154379999265,326.5617446000688,2.9774702000431716,"['component-csv_reader_component', 'component-nonstandard_column_remover_component', 'component-data_partition_component', 'component-onehotencoder_component', 'component-robustscaler_component', 'component-labelpropagation_component', 'component-onehotencoder_applier_component', 'component-robustscaler_applier_component', 'component-labelpropagation_applier_component', 'component-data_writer_component']"
Labelspreading Component 0,0.976878612716763,0.9984593837535014,0.07013330107138946,0.3859516999218613,51.378661500057206,1573.5155581000727,269.37154379999265,326.5617446000688,2.9443721999414265,"['component-csv_reader_component', 'component-nonstandard_column_remover_component', 'component-data_partition_component', 'component-ordinalencoder_component', 'component-minmaxscaler_component', 'component-labelspreading_component', 'component-ordinalencoder_applier_component', 'component-minmaxscaler_applier_component', 'component-labelspreading_applier_component', 'component-data_writer_component']"
Labelspreading Component 1,0.9826589595375722,0.9985286249331193,0.08040470505181317,0.3859516999218613,51.378661500057206,1573.5155581000727,269.37154379999265,326.5617446000688,3.0235802999231964,"['component-csv_reader_component', 'component-nonstandard_column_remover_component', 'component-data_partition_component', 'component-ordinalencoder_component', 'component-quantiletransformer_component', 'component-labelspreading_component', 'component-ordinalencoder_applier_component', 'component-quantiletransformer_applier_component', 'component-labelspreading_applier_component', 'component-data_writer_component']"
Labelspreading Component 2,1.0,1.0,0.040693302421527966,0.3859516999218613,51.378661500057206,1573.5155581000727,269.37154379999265,326.5617446000688,3.0798699997831136,"['component-csv_reader_component', 'component-nonstandard_column_remover_component', 'component-data_partition_component', 'component-onehotencoder_component', 'component-minmaxscaler_component', 'component-labelspreading_component', 'component-onehotencoder_applier_component', 'component-minmaxscaler_applier_component', 'component-labelspreading_applier_component', 'component-data_writer_component']"
Labelspreading Component 3,0.9942196531791907,0.9997249724972497,0.04306310736500962,0.3859516999218613,51.378661500057206,1573.5155581000727,269.37154379999265,326.5617446000688,2.9168191999197006,"['component-csv_reader_component', 'component-nonstandard_column_remover_component', 'component-data_partition_component', 'component-onehotencoder_component', 'component-quantiletransformer_component', 'component-labelspreading_component', 'component-onehotencoder_applier_component', 'component-quantiletransformer_applier_component', 'component-labelspreading_applier_component', 'component-data_writer_component']"
Labelspreading Component 4,0.976878612716763,0.997993119266055,0.0687959322847253,0.3859516999218613,51.378661500057206,1573.5155581000727,269.37154379999265,326.5617446000688,3.115052199922502,"['component-csv_reader_component', 'component-nonstandard_column_remover_component', 'component-data_partition_component', 'component-ordinalencoder_component', 'component-maxabsscaler_component', 'component-labelspreading_component', 'component-ordinalencoder_applier_component', 'component-maxabsscaler_applier_component', 'component-labelspreading_applier_component', 'component-data_writer_component']"
Labelspreading Component 5,0.8670520231213873,0.9457521645021645,0.3041915854418045,0.3859516999218613,51.378661500057206,1573.5155581000727,269.37154379999265,326.5617446000688,2.944276599911973,"['component-csv_reader_component', 'component-nonstandard_column_remover_component', 'component-data_partition_component', 'component-ordinalencoder_component', 'component-normalizer_component', 'component-labelspreading_component', 'component-ordinalencoder_applier_component', 'component-normalizer_applier_component', 'component-labelspreading_applier_component', 'component-data_writer_component']"
Labelspreading Component 6,1.0,1.0,0.03499743863422111,0.3859516999218613,51.378661500057206,1573.5155581000727,269.37154379999265,326.5617446000688,3.6058283001184464,"['component-csv_reader_component', 'component-nonstandard_column_remover_component', 'component-data_partition_component', 'component-onehotencoder_component', 'component-maxabsscaler_component', 'component-labelspreading_component', 'component-onehotencoder_applier_component', 'component-maxabsscaler_applier_component', 'component-labelspreading_applier_component', 'component-data_writer_component']"
Labelspreading Component 7,0.8959537572254336,0.9697260273972603,0.25126817836888493,0.3859516999218613,51.378661500057206,1573.5155581000727,269.37154379999265,326.5617446000688,4.4569338001310825,"['component-csv_reader_component', 'component-nonstandard_column_remover_component', 'component-data_partition_component', 'component-onehotencoder_component', 'component-normalizer_component', 'component-labelspreading_component', 'component-onehotencoder_applier_component', 'component-normalizer_applier_component', 'component-labelspreading_applier_component', 'component-data_writer_component']"
Labelspreading Component 8,0.9884393063583815,0.9995918367346939,0.04997737112652579,0.3859516999218613,51.378661500057206,1573.5155581000727,269.37154379999265,326.5617446000688,4.07175079989247,"['component-csv_reader_component', 'component-nonstandard_column_remover_component', 'component-data_partition_component', 'component-ordinalencoder_component', 'component-robustscaler_component', 'component-labelspreading_component', 'component-ordinalencoder_applier_component', 'component-robustscaler_applier_component', 'component-labelspreading_applier_component', 'component-data_writer_component']"
Labelspreading Component 9,0.9942196531791907,1.0,0.02257450642297001,0.3859516999218613,51.378661500057206,1573.5155581000727,269.37154379999265,326.5617446000688,3.4723028000444174,"['component-csv_reader_component', 'component-nonstandard_column_remover_component', 'component-data_partition_component', 'component-onehotencoder_component', 'component-robustscaler_component', 'component-labelspreading_component', 'component-onehotencoder_applier_component', 'component-robustscaler_applier_component', 'component-labelspreading_applier_component', 'component-data_writer_component']"
Lineardiscriminantanalysis Component 0,0.8439306358381503,0.9170299331589654,0.36503553421838236,0.3859516999218613,51.378661500057206,1573.5155581000727,269.37154379999265,326.5617446000688,3.8667601000051945,"['component-csv_reader_component', 'component-nonstandard_column_remover_component', 'component-data_partition_component', 'component-ordinalencoder_component', 'component-minmaxscaler_component', 'component-lineardiscriminantanalysis_component', 'component-ordinalencoder_applier_component', 'component-minmaxscaler_applier_component', 'component-lineardiscriminantanalysis_applier_component', 'component-data_writer_component']"
Lineardiscriminantanalysis Component 1,0.8786127167630058,0.9541666666666666,0.35599183876220936,0.3859516999218613,51.378661500057206,1573.5155581000727,269.37154379999265,326.5617446000688,3.9571773998904973,"['component-csv_reader_component', 'component-nonstandard_column_remover_component', 'component-data_partition_component', 'component-ordinalencoder_component', 'component-quantiletransformer_component', 'component-lineardiscriminantanalysis_component', 'component-ordinalencoder_applier_component', 'component-quantiletransformer_applier_component', 'component-lineardiscriminantanalysis_applier_component', 'component-data_writer_component']"
Lineardiscriminantanalysis Component 2,0.884393063583815,0.9495324532453245,0.37240706003081625,0.3859516999218613,51.378661500057206,1573.5155581000727,269.37154379999265,326.5617446000688,3.4144981999415904,"['component-csv_reader_component', 'component-nonstandard_column_remover_component', 'component-data_partition_component', 'component-ordinalencoder_component', 'component-maxabsscaler_component', 'component-lineardiscriminantanalysis_component', 'component-ordinalencoder_applier_component', 'component-maxabsscaler_applier_component', 'component-lineardiscriminantanalysis_applier_component', 'component-data_writer_component']"
Lineardiscriminantanalysis Component 3,0.8554913294797688,0.912753036437247,0.39624422470341336,0.3859516999218613,51.378661500057206,1573.5155581000727,269.37154379999265,326.5617446000688,3.1931714999955148,"['component-csv_reader_component', 'component-nonstandard_column_remover_component', 'component-data_partition_component', 'component-ordinalencoder_component', 'component-normalizer_component', 'component-lineardiscriminantanalysis_component', 'component-ordinalencoder_applier_component', 'component-normalizer_applier_component', 'component-lineardiscriminantanalysis_applier_component', 'component-data_writer_component']"
Lineardiscriminantanalysis Component 4,0.884393063583815,0.9510752688172043,0.3208511925055155,0.3859516999218613,51.378661500057206,1573.5155581000727,269.37154379999265,326.5617446000688,2.986516400007531,"['component-csv_reader_component', 'component-nonstandard_column_remover_component', 'component-data_partition_component', 'component-onehotencoder_component', 'component-maxabsscaler_component', 'component-lineardiscriminantanalysis_component', 'component-onehotencoder_applier_component', 'component-maxabsscaler_applier_component', 'component-lineardiscriminantanalysis_applier_component', 'component-data_writer_component']"
Lineardiscriminantanalysis Component 5,0.861271676300578,0.9420781334780249,0.3240952211833552,0.3859516999218613,51.378661500057206,1573.5155581000727,269.37154379999265,326.5617446000688,4.077522199833766,"['component-csv_reader_component', 'component-nonstandard_column_remover_component', 'component-data_partition_component', 'component-onehotencoder_component', 'component-normalizer_component', 'component-lineardiscriminantanalysis_component', 'component-onehotencoder_applier_component', 'component-normalizer_applier_component', 'component-lineardiscriminantanalysis_applier_component', 'component-data_writer_component']"
Lineardiscriminantanalysis Component 6,0.8670520231213873,0.9524959742351047,0.32236996602324147,0.3859516999218613,51.378661500057206,1573.5155581000727,269.37154379999265,326.5617446000688,3.5293551001232117,"['component-csv_reader_component', 'component-nonstandard_column_remover_component', 'component-data_partition_component', 'component-ordinalencoder_component', 'component-robustscaler_component', 'component-lineardiscriminantanalysis_component', 'component-ordinalencoder_applier_component', 'component-robustscaler_applier_component', 'component-lineardiscriminantanalysis_applier_component', 'component-data_writer_component']"
Lineardiscriminantanalysis Component 7,0.884393063583815,0.9510281385281385,0.30244551358747607,0.3859516999218613,51.378661500057206,1573.5155581000727,269.37154379999265,326.5617446000688,2.8832745000254363,"['component-csv_reader_component', 'component-nonstandard_column_remover_component', 'component-data_partition_component', 'component-onehotencoder_component', 'component-robustscaler_component', 'component-lineardiscriminantanalysis_component', 'component-onehotencoder_applier_component', 'component-robustscaler_applier_component', 'component-lineardiscriminantanalysis_applier_component', 'component-data_writer_component']"
Linearsvc Component 0,0.8728323699421965,-1,-1,0.3859516999218613,51.378661500057206,1573.5155581000727,269.37154379999265,326.5617446000688,3.129784299992025,"['component-csv_reader_component', 'component-nonstandard_column_remover_component', 'component-data_partition_component', 'component-ordinalencoder_component', 'component-minmaxscaler_component', 'component-linearsvc_component', 'component-ordinalencoder_applier_component', 'component-minmaxscaler_applier_component', 'component-linearsvc_applier_component', 'component-data_writer_component']"
Linearsvc Component 1,0.8728323699421965,-1,-1,0.3859516999218613,51.378661500057206,1573.5155581000727,269.37154379999265,326.5617446000688,3.26147500006482,"['component-csv_reader_component', 'component-nonstandard_column_remover_component', 'component-data_partition_component', 'component-ordinalencoder_component', 'component-quantiletransformer_component', 'component-linearsvc_component', 'component-ordinalencoder_applier_component', 'component-quantiletransformer_applier_component', 'component-linearsvc_applier_component', 'component-data_writer_component']"
Linearsvc Component 2,0.8728323699421965,-1,-1,0.3859516999218613,51.378661500057206,1573.5155581000727,269.37154379999265,326.5617446000688,3.0940177999436855,"['component-csv_reader_component', 'component-nonstandard_column_remover_component', 'component-data_partition_component', 'component-ordinalencoder_component', 'component-maxabsscaler_component', 'component-linearsvc_component', 'component-ordinalencoder_applier_component', 'component-maxabsscaler_applier_component', 'component-linearsvc_applier_component', 'component-data_writer_component']"
Linearsvc Component 3,0.8323699421965318,-1,-1,0.3859516999218613,51.378661500057206,1573.5155581000727,269.37154379999265,326.5617446000688,3.0775746998842806,"['component-csv_reader_component', 'component-nonstandard_column_remover_component', 'component-data_partition_component', 'component-ordinalencoder_component', 'component-normalizer_component', 'component-linearsvc_component', 'component-ordinalencoder_applier_component', 'component-normalizer_applier_component', 'component-linearsvc_applier_component', 'component-data_writer_component']"
Linearsvc Component 4,0.884393063583815,-1,-1,0.3859516999218613,51.378661500057206,1573.5155581000727,269.37154379999265,326.5617446000688,2.8831269000656903,"['component-csv_reader_component', 'component-nonstandard_column_remover_component', 'component-data_partition_component', 'component-ordinalencoder_component', 'component-robustscaler_component', 'component-linearsvc_component', 'component-ordinalencoder_applier_component', 'component-robustscaler_applier_component', 'component-linearsvc_applier_component', 'component-data_writer_component']"
Linearsvc Component 5,0.9248554913294798,-1,-1,0.3859516999218613,51.378661500057206,1573.5155581000727,269.37154379999265,326.5617446000688,3.3586160999257118,"['component-csv_reader_component', 'component-nonstandard_column_remover_component', 'component-data_partition_component', 'component-onehotencoder_component', 'component-linearsvc_component', 'component-onehotencoder_applier_component', 'component-linearsvc_applier_component', 'component-data_writer_component']"
Logisticregression Component 0,0.8786127167630058,0.9429931972789116,0.3163521275326517,0.3859516999218613,51.378661500057206,1573.5155581000727,269.37154379999265,326.5617446000688,3.5017949999310076,"['component-csv_reader_component', 'component-nonstandard_column_remover_component', 'component-data_partition_component', 'component-ordinalencoder_component', 'component-minmaxscaler_component', 'component-logisticregression_component', 'component-ordinalencoder_applier_component', 'component-minmaxscaler_applier_component', 'component-logisticregression_applier_component', 'component-data_writer_component']"
Logisticregression Component 1,0.8901734104046243,0.9318548387096776,0.3352728705040784,0.3859516999218613,51.378661500057206,1573.5155581000727,269.37154379999265,326.5617446000688,3.73940770002082,"['component-csv_reader_component', 'component-nonstandard_column_remover_component', 'component-data_partition_component', 'component-ordinalencoder_component', 'component-quantiletransformer_component', 'component-logisticregression_component', 'component-ordinalencoder_applier_component', 'component-quantiletransformer_applier_component', 'component-logisticregression_applier_component', 'component-data_writer_component']"
Logisticregression Component 2,0.8901734104046243,0.953494623655914,0.2802854122167712,0.3859516999218613,51.378661500057206,1573.5155581000727,269.37154379999265,326.5617446000688,3.109389200108126,"['component-csv_reader_component', 'component-nonstandard_column_remover_component', 'component-data_partition_component', 'component-onehotencoder_component', 'component-minmaxscaler_component', 'component-logisticregression_component', 'component-onehotencoder_applier_component', 'component-minmaxscaler_applier_component', 'component-logisticregression_applier_component', 'component-data_writer_component']"
Logisticregression Component 3,0.8554913294797688,0.9238329238329238,0.3413076786206584,0.3859516999218613,51.378661500057206,1573.5155581000727,269.37154379999265,326.5617446000688,3.0545403000433,"['component-csv_reader_component', 'component-nonstandard_column_remover_component', 'component-data_partition_component', 'component-onehotencoder_component', 'component-quantiletransformer_component', 'component-logisticregression_component', 'component-onehotencoder_applier_component', 'component-quantiletransformer_applier_component', 'component-logisticregression_applier_component', 'component-data_writer_component']"
Logisticregression Component 4,0.8901734104046243,0.9384408602150537,0.30970654397622704,0.3859516999218613,51.378661500057206,1573.5155581000727,269.37154379999265,326.5617446000688,2.864236299879849,"['component-csv_reader_component', 'component-nonstandard_column_remover_component', 'component-data_partition_component', 'component-ordinalencoder_component', 'component-maxabsscaler_component', 'component-logisticregression_component', 'component-ordinalencoder_applier_component', 'component-maxabsscaler_applier_component', 'component-logisticregression_applier_component', 'component-data_writer_component']"
Logisticregression Component 5,0.861271676300578,0.9149406241369786,0.3588299050152643,0.3859516999218613,51.378661500057206,1573.5155581000727,269.37154379999265,326.5617446000688,3.082286600023508,"['component-csv_reader_component', 'component-nonstandard_column_remover_component', 'component-data_partition_component', 'component-ordinalencoder_component', 'component-normalizer_component', 'component-logisticregression_component', 'component-ordinalencoder_applier_component', 'component-normalizer_applier_component', 'component-logisticregression_applier_component', 'component-data_writer_component']"
Logisticregression Component 6,0.8901734104046243,0.9467123287671233,0.30514894770530776,0.3859516999218613,51.378661500057206,1573.5155581000727,269.37154379999265,326.5617446000688,3.5359854998532683,"['component-csv_reader_component', 'component-nonstandard_column_remover_component', 'component-data_partition_component', 'component-onehotencoder_component', 'component-maxabsscaler_component', 'component-logisticregression_component', 'component-onehotencoder_applier_component', 'component-maxabsscaler_applier_component', 'component-logisticregression_applier_component', 'component-data_writer_component']"
Logisticregression Component 7,0.8497109826589595,0.9089635854341737,0.35513154176399575,0.3859516999218613,51.378661500057206,1573.5155581000727,269.37154379999265,326.5617446000688,2.9726739001926035,"['component-csv_reader_component', 'component-nonstandard_column_remover_component', 'component-data_partition_component', 'component-onehotencoder_component', 'component-normalizer_component', 'component-logisticregression_component', 'component-onehotencoder_applier_component', 'component-normalizer_applier_component', 'component-logisticregression_applier_component', 'component-data_writer_component']"
Logisticregression Component 8,0.8959537572254336,0.9495798319327731,0.289489525811749,0.3859516999218613,51.378661500057206,1573.5155581000727,269.37154379999265,326.5617446000688,2.948760300176218,"['component-csv_reader_component', 'component-nonstandard_column_remover_component', 'component-data_partition_component', 'component-ordinalencoder_component', 'component-robustscaler_component', 'component-logisticregression_component', 'component-ordinalencoder_applier_component', 'component-robustscaler_applier_component', 'component-logisticregression_applier_component', 'component-data_writer_component']"
Logisticregression Component 9,0.9075144508670521,0.9607287449392713,0.27659624233485175,0.3859516999218613,51.378661500057206,1573.5155581000727,269.37154379999265,326.5617446000688,3.131140499841422,"['component-csv_reader_component', 'component-nonstandard_column_remover_component', 'component-data_partition_component', 'component-onehotencoder_component', 'component-robustscaler_component', 'component-logisticregression_component', 'component-onehotencoder_applier_component', 'component-robustscaler_applier_component', 'component-logisticregression_applier_component', 'component-data_writer_component']"
Logisticregressioncv Component 0,0.8786127167630058,0.9144385026737968,0.6445039706386095,0.3859516999218613,51.378661500057206,1573.5155581000727,269.37154379999265,326.5617446000688,3.4252919000573456,"['component-csv_reader_component', 'component-nonstandard_column_remover_component', 'component-data_partition_component', 'component-ordinalencoder_component', 'component-minmaxscaler_component', 'component-logisticregressioncv_component', 'component-ordinalencoder_applier_component', 'component-minmaxscaler_applier_component', 'component-logisticregressioncv_applier_component', 'component-data_writer_component']"
Logisticregressioncv Component 1,0.8786127167630058,0.9258658008658008,0.3690572453277388,0.3859516999218613,51.378661500057206,1573.5155581000727,269.37154379999265,326.5617446000688,3.102653300156817,"['component-csv_reader_component', 'component-nonstandard_column_remover_component', 'component-data_partition_component', 'component-ordinalencoder_component', 'component-quantiletransformer_component', 'component-logisticregressioncv_component', 'component-ordinalencoder_applier_component', 'component-quantiletransformer_applier_component', 'component-logisticregressioncv_applier_component', 'component-data_writer_component']"
Logisticregressioncv Component 2,0.8786127167630058,0.934805890227577,0.3229505419909514,0.3859516999218613,51.378661500057206,1573.5155581000727,269.37154379999265,326.5617446000688,3.3212085000704974,"['component-csv_reader_component', 'component-nonstandard_column_remover_component', 'component-data_partition_component', 'component-onehotencoder_component', 'component-minmaxscaler_component', 'component-logisticregressioncv_component', 'component-onehotencoder_applier_component', 'component-minmaxscaler_applier_component', 'component-logisticregressioncv_applier_component', 'component-data_writer_component']"
Logisticregressioncv Component 3,0.9017341040462428,0.9622920021470747,0.2823855624537631,0.3859516999218613,51.378661500057206,1573.5155581000727,269.37154379999265,326.5617446000688,3.1252959999255836,"['component-csv_reader_component', 'component-nonstandard_column_remover_component', 'component-data_partition_component', 'component-onehotencoder_component', 'component-quantiletransformer_component', 'component-logisticregressioncv_component', 'component-onehotencoder_applier_component', 'component-quantiletransformer_applier_component', 'component-logisticregressioncv_applier_component', 'component-data_writer_component']"
Logisticregressioncv Component 4,0.884393063583815,0.9468967362225789,0.4798920759073125,0.3859516999218613,51.378661500057206,1573.5155581000727,269.37154379999265,326.5617446000688,3.1613850998692214,"['component-csv_reader_component', 'component-nonstandard_column_remover_component', 'component-data_partition_component', 'component-ordinalencoder_component', 'component-maxabsscaler_component', 'component-logisticregressioncv_component', 'component-ordinalencoder_applier_component', 'component-maxabsscaler_applier_component', 'component-logisticregressioncv_applier_component', 'component-data_writer_component']"
Logisticregressioncv Component 5,0.8959537572254336,0.9328316610925307,0.3261126019583356,0.3859516999218613,51.378661500057206,1573.5155581000727,269.37154379999265,326.5617446000688,3.464883599895984,"['component-csv_reader_component', 'component-nonstandard_column_remover_component', 'component-data_partition_component', 'component-ordinalencoder_component', 'component-normalizer_component', 'component-logisticregressioncv_component', 'component-ordinalencoder_applier_component', 'component-normalizer_applier_component', 'component-logisticregressioncv_applier_component', 'component-data_writer_component']"
Logisticregressioncv Component 6,0.8959537572254336,0.9586404586404587,0.26828699271723705,0.3859516999218613,51.378661500057206,1573.5155581000727,269.37154379999265,326.5617446000688,4.077866999898106,"['component-csv_reader_component', 'component-nonstandard_column_remover_component', 'component-data_partition_component', 'component-onehotencoder_component', 'component-maxabsscaler_component', 'component-logisticregressioncv_component', 'component-onehotencoder_applier_component', 'component-maxabsscaler_applier_component', 'component-logisticregressioncv_applier_component', 'component-data_writer_component']"
Logisticregressioncv Component 7,0.861271676300578,0.9099462365591398,0.4610498447081873,0.3859516999218613,51.378661500057206,1573.5155581000727,269.37154379999265,326.5617446000688,3.7636884001549333,"['component-csv_reader_component', 'component-nonstandard_column_remover_component', 'component-data_partition_component', 'component-onehotencoder_component', 'component-normalizer_component', 'component-logisticregressioncv_component', 'component-onehotencoder_applier_component', 'component-normalizer_applier_component', 'component-logisticregressioncv_applier_component', 'component-data_writer_component']"
Logisticregressioncv Component 8,0.8959537572254336,0.9386688668866887,0.3025393047469564,0.3859516999218613,51.378661500057206,1573.5155581000727,269.37154379999265,326.5617446000688,3.232449600007385,"['component-csv_reader_component', 'component-nonstandard_column_remover_component', 'component-data_partition_component', 'component-ordinalencoder_component', 'component-robustscaler_component', 'component-logisticregressioncv_component', 'component-ordinalencoder_applier_component', 'component-robustscaler_applier_component', 'component-logisticregressioncv_applier_component', 'component-data_writer_component']"
Logisticregressioncv Component 9,0.884393063583815,0.9357142857142858,0.4041363769979781,0.3859516999218613,51.378661500057206,1573.5155581000727,269.37154379999265,326.5617446000688,4.112838599830866,"['component-csv_reader_component', 'component-nonstandard_column_remover_component', 'component-data_partition_component', 'component-onehotencoder_component', 'component-robustscaler_component', 'component-logisticregressioncv_component', 'component-onehotencoder_applier_component', 'component-robustscaler_applier_component', 'component-logisticregressioncv_applier_component', 'component-data_writer_component']"
Mlpclassifier Component 0,0.884393063583815,0.9524064171122995,0.2924498908272123,0.3859516999218613,51.378661500057206,1573.5155581000727,269.37154379999265,326.5617446000688,3.719083499861881,"['component-csv_reader_component', 'component-nonstandard_column_remover_component', 'component-data_partition_component', 'component-ordinalencoder_component', 'component-minmaxscaler_component', 'component-mlpclassifier_component', 'component-ordinalencoder_applier_component', 'component-minmaxscaler_applier_component', 'component-mlpclassifier_applier_component', 'component-data_writer_component']"
Mlpclassifier Component 1,0.9132947976878613,0.9632107023411371,0.24827380612745742,0.3859516999218613,51.378661500057206,1573.5155581000727,269.37154379999265,326.5617446000688,3.355452299816534,"['component-csv_reader_component', 'component-nonstandard_column_remover_component', 'component-data_partition_component', 'component-ordinalencoder_component', 'component-quantiletransformer_component', 'component-mlpclassifier_component', 'component-ordinalencoder_applier_component', 'component-quantiletransformer_applier_component', 'component-mlpclassifier_applier_component', 'component-data_writer_component']"
Mlpclassifier Component 2,0.8901734104046243,0.9442586399108138,0.28914419322768553,0.3859516999218613,51.378661500057206,1573.5155581000727,269.37154379999265,326.5617446000688,3.347240899922326,"['component-csv_reader_component', 'component-nonstandard_column_remover_component', 'component-data_partition_component', 'component-ordinalencoder_component', 'component-maxabsscaler_component', 'component-mlpclassifier_component', 'component-ordinalencoder_applier_component', 'component-maxabsscaler_applier_component', 'component-mlpclassifier_applier_component', 'component-data_writer_component']"
Mlpclassifier Component 3,0.861271676300578,0.9272108843537414,0.34877263116620033,0.3859516999218613,51.378661500057206,1573.5155581000727,269.37154379999265,326.5617446000688,3.435720399953425,"['component-csv_reader_component', 'component-nonstandard_column_remover_component', 'component-data_partition_component', 'component-ordinalencoder_component', 'component-normalizer_component', 'component-mlpclassifier_component', 'component-ordinalencoder_applier_component', 'component-normalizer_applier_component', 'component-mlpclassifier_applier_component', 'component-data_writer_component']"
Mlpclassifier Component 4,0.9364161849710982,0.9676677489177489,0.2520907306247047,0.3859516999218613,51.378661500057206,1573.5155581000727,269.37154379999265,326.5617446000688,3.6871048000175506,"['component-csv_reader_component', 'component-nonstandard_column_remover_component', 'component-data_partition_component', 'component-ordinalencoder_component', 'component-robustscaler_component', 'component-mlpclassifier_component', 'component-ordinalencoder_applier_component', 'component-robustscaler_applier_component', 'component-mlpclassifier_applier_component', 'component-data_writer_component']"
Mlpclassifier Component 5,0.9075144508670521,0.9701739850869926,0.22634445887563648,0.3859516999218613,51.378661500057206,1573.5155581000727,269.37154379999265,326.5617446000688,3.0714996000751853,"['component-csv_reader_component', 'component-nonstandard_column_remover_component', 'component-data_partition_component', 'component-onehotencoder_component', 'component-mlpclassifier_component', 'component-onehotencoder_applier_component', 'component-mlpclassifier_applier_component', 'component-data_writer_component']"
Multinomialnb Component 0,0.8208092485549133,0.8629931972789114,0.48481240658727426,0.3859516999218613,51.378661500057206,1573.5155581000727,269.37154379999265,326.5617446000688,2.921517599839717,"['component-csv_reader_component', 'component-nonstandard_column_remover_component', 'component-data_partition_component', 'component-ordinalencoder_component', 'component-multinomialnb_component', 'component-ordinalencoder_applier_component', 'component-multinomialnb_applier_component', 'component-data_writer_component']"
Multinomialnb Component 1,0.838150289017341,0.9021917808219178,0.40330152399273506,0.3859516999218613,51.378661500057206,1573.5155581000727,269.37154379999265,326.5617446000688,2.9074977999553084,"['component-csv_reader_component', 'component-nonstandard_column_remover_component', 'component-data_partition_component', 'component-onehotencoder_component', 'component-multinomialnb_component', 'component-onehotencoder_applier_component', 'component-multinomialnb_applier_component', 'component-data_writer_component']"
Nearestcentroid Component 0,0.8439306358381503,0.9100651112316874,0.7816719769620523,0.3859516999218613,51.378661500057206,1573.5155581000727,269.37154379999265,326.5617446000688,3.5441751999314874,"['component-csv_reader_component', 'component-nonstandard_column_remover_component', 'component-data_partition_component', 'component-ordinalencoder_component', 'component-minmaxscaler_component', 'component-nearestcentroid_component', 'component-ordinalencoder_applier_component', 'component-minmaxscaler_applier_component', 'component-nearestcentroid_applier_component', 'component-data_writer_component']"
Nearestcentroid Component 1,0.8959537572254336,0.9542943938138636,0.5960229900484374,0.3859516999218613,51.378661500057206,1573.5155581000727,269.37154379999265,326.5617446000688,3.5329760999884456,"['component-csv_reader_component', 'component-nonstandard_column_remover_component', 'component-data_partition_component', 'component-ordinalencoder_component', 'component-quantiletransformer_component', 'component-nearestcentroid_component', 'component-ordinalencoder_applier_component', 'component-quantiletransformer_applier_component', 'component-nearestcentroid_applier_component', 'component-data_writer_component']"
Nearestcentroid Component 2,0.8497109826589595,0.9301120448179272,1.2594594618050508,0.3859516999218613,51.378661500057206,1573.5155581000727,269.37154379999265,326.5617446000688,3.5756550999358296,"['component-csv_reader_component', 'component-nonstandard_column_remover_component', 'component-data_partition_component', 'component-onehotencoder_component', 'component-minmaxscaler_component', 'component-nearestcentroid_component', 'component-onehotencoder_applier_component', 'component-minmaxscaler_applier_component', 'component-nearestcentroid_applier_component', 'component-data_writer_component']"
Nearestcentroid Component 3,0.8265895953757225,0.9134875541125541,1.2574708379934736,0.3859516999218613,51.378661500057206,1573.5155581000727,269.37154379999265,326.5617446000688,3.205371299991384,"['component-csv_reader_component', 'component-nonstandard_column_remover_component', 'component-data_partition_component', 'component-onehotencoder_component', 'component-quantiletransformer_component', 'component-nearestcentroid_component', 'component-onehotencoder_applier_component', 'component-quantiletransformer_applier_component', 'component-nearestcentroid_applier_component', 'component-data_writer_component']"
Nearestcentroid Component 4,0.8901734104046243,0.9463265306122448,0.6971344810375459,0.3859516999218613,51.378661500057206,1573.5155581000727,269.37154379999265,326.5617446000688,3.6492450998630375,"['component-csv_reader_component', 'component-nonstandard_column_remover_component', 'component-data_partition_component', 'component-ordinalencoder_component', 'component-maxabsscaler_component', 'component-nearestcentroid_component', 'component-ordinalencoder_applier_component', 'component-maxabsscaler_applier_component', 'component-nearestcentroid_applier_component', 'component-data_writer_component']"
Nearestcentroid Component 5,0.838150289017341,0.8782312925170067,0.8665364487613408,0.3859516999218613,51.378661500057206,1573.5155581000727,269.37154379999265,326.5617446000688,3.2455810999963433,"['component-csv_reader_component', 'component-nonstandard_column_remover_component', 'component-data_partition_component', 'component-ordinalencoder_component', 'component-normalizer_component', 'component-nearestcentroid_component', 'component-ordinalencoder_applier_component', 'component-normalizer_applier_component', 'component-nearestcentroid_applier_component', 'component-data_writer_component']"
Nearestcentroid Component 6,0.8901734104046243,0.9317877244706514,1.450202075583184,0.3859516999218613,51.378661500057206,1573.5155581000727,269.37154379999265,326.5617446000688,3.248292699921876,"['component-csv_reader_component', 'component-nonstandard_column_remover_component', 'component-data_partition_component', 'component-onehotencoder_component', 'component-maxabsscaler_component', 'component-nearestcentroid_component', 'component-onehotencoder_applier_component', 'component-maxabsscaler_applier_component', 'component-nearestcentroid_applier_component', 'component-data_writer_component']"
Nearestcentroid Component 7,0.815028901734104,0.9080033003300331,1.281787539935425,0.3859516999218613,51.378661500057206,1573.5155581000727,269.37154379999265,326.5617446000688,3.368025599978864,"['component-csv_reader_component', 'component-nonstandard_column_remover_component', 'component-data_partition_component', 'component-onehotencoder_component', 'component-normalizer_component', 'component-nearestcentroid_component', 'component-onehotencoder_applier_component', 'component-normalizer_applier_component', 'component-nearestcentroid_applier_component', 'component-data_writer_component']"
Nearestcentroid Component 8,0.8034682080924855,0.9346809680968097,0.6107265465944557,0.3859516999218613,51.378661500057206,1573.5155581000727,269.37154379999265,326.5617446000688,3.161555000115186,"['component-csv_reader_component', 'component-nonstandard_column_remover_component', 'component-data_partition_component', 'component-ordinalencoder_component', 'component-robustscaler_component', 'component-nearestcentroid_component', 'component-ordinalencoder_applier_component', 'component-robustscaler_applier_component', 'component-nearestcentroid_applier_component', 'component-data_writer_component']"
Nearestcentroid Component 9,0.8728323699421965,0.9395292207792209,1.242245227092936,0.3859516999218613,51.378661500057206,1573.5155581000727,269.37154379999265,326.5617446000688,3.726727700093761,"['component-csv_reader_component', 'component-nonstandard_column_remover_component', 'component-data_partition_component', 'component-onehotencoder_component', 'component-robustscaler_component', 'component-nearestcentroid_component', 'component-onehotencoder_applier_component', 'component-robustscaler_applier_component', 'component-nearestcentroid_applier_component', 'component-data_writer_component']"
Nusvc Component 0,0.9248554913294798,-1,-1,0.3859516999218613,51.378661500057206,1573.5155581000727,269.37154379999265,326.5617446000688,3.0753534000832587,"['component-csv_reader_component', 'component-nonstandard_column_remover_component', 'component-data_partition_component', 'component-ordinalencoder_component', 'component-minmaxscaler_component', 'component-nusvc_component', 'component-ordinalencoder_applier_component', 'component-minmaxscaler_applier_component', 'component-nusvc_applier_component', 'component-data_writer_component']"
Nusvc Component 1,0.8901734104046243,-1,-1,0.3859516999218613,51.378661500057206,1573.5155581000727,269.37154379999265,326.5617446000688,2.951559399953112,"['component-csv_reader_component', 'component-nonstandard_column_remover_component', 'component-data_partition_component', 'component-ordinalencoder_component', 'component-quantiletransformer_component', 'component-nusvc_component', 'component-ordinalencoder_applier_component', 'component-quantiletransformer_applier_component', 'component-nusvc_applier_component', 'component-data_writer_component']"
Nusvc Component 2,0.8439306358381503,-1,-1,0.3859516999218613,51.378661500057206,1573.5155581000727,269.37154379999265,326.5617446000688,3.2041750999633223,"['component-csv_reader_component', 'component-nonstandard_column_remover_component', 'component-data_partition_component', 'component-onehotencoder_component', 'component-minmaxscaler_component', 'component-nusvc_component', 'component-onehotencoder_applier_component', 'component-minmaxscaler_applier_component', 'component-nusvc_applier_component', 'component-data_writer_component']"
Nusvc Component 3,0.930635838150289,-1,-1,0.3859516999218613,51.378661500057206,1573.5155581000727,269.37154379999265,326.5617446000688,2.9094223000574857,"['component-csv_reader_component', 'component-nonstandard_column_remover_component', 'component-data_partition_component', 'component-onehotencoder_component', 'component-quantiletransformer_component', 'component-nusvc_component', 'component-onehotencoder_applier_component', 'component-quantiletransformer_applier_component', 'component-nusvc_applier_component', 'component-data_writer_component']"
Nusvc Component 4,0.838150289017341,-1,-1,0.3859516999218613,51.378661500057206,1573.5155581000727,269.37154379999265,326.5617446000688,3.013750299811363,"['component-csv_reader_component', 'component-nonstandard_column_remover_component', 'component-data_partition_component', 'component-ordinalencoder_component', 'component-maxabsscaler_component', 'component-nusvc_component', 'component-ordinalencoder_applier_component', 'component-maxabsscaler_applier_component', 'component-nusvc_applier_component', 'component-data_writer_component']"
Nusvc Component 5,0.9017341040462428,-1,-1,0.3859516999218613,51.378661500057206,1573.5155581000727,269.37154379999265,326.5617446000688,3.221978700021282,"['component-csv_reader_component', 'component-nonstandard_column_remover_component', 'component-data_partition_component', 'component-ordinalencoder_component', 'component-normalizer_component', 'component-nusvc_component', 'component-ordinalencoder_applier_component', 'component-normalizer_applier_component', 'component-nusvc_applier_component', 'component-data_writer_component']"
Nusvc Component 6,0.8439306358381503,-1,-1,0.3859516999218613,51.378661500057206,1573.5155581000727,269.37154379999265,326.5617446000688,3.076262899907306,"['component-csv_reader_component', 'component-nonstandard_column_remover_component', 'component-data_partition_component', 'component-onehotencoder_component', 'component-maxabsscaler_component', 'component-nusvc_component', 'component-onehotencoder_applier_component', 'component-maxabsscaler_applier_component', 'component-nusvc_applier_component', 'component-data_writer_component']"
Nusvc Component 7,0.884393063583815,-1,-1,0.3859516999218613,51.378661500057206,1573.5155581000727,269.37154379999265,326.5617446000688,2.9990427000448108,"['component-csv_reader_component', 'component-nonstandard_column_remover_component', 'component-data_partition_component', 'component-onehotencoder_component', 'component-normalizer_component', 'component-nusvc_component', 'component-onehotencoder_applier_component', 'component-normalizer_applier_component', 'component-nusvc_applier_component', 'component-data_writer_component']"
Nusvc Component 8,0.8670520231213873,-1,-1,0.3859516999218613,51.378661500057206,1573.5155581000727,269.37154379999265,326.5617446000688,3.033797699958086,"['component-csv_reader_component', 'component-nonstandard_column_remover_component', 'component-data_partition_component', 'component-ordinalencoder_component', 'component-robustscaler_component', 'component-nusvc_component', 'component-ordinalencoder_applier_component', 'component-robustscaler_applier_component', 'component-nusvc_applier_component', 'component-data_writer_component']"
Nusvc Component 9,0.8670520231213873,-1,-1,0.3859516999218613,51.378661500057206,1573.5155581000727,269.37154379999265,326.5617446000688,3.050509700085968,"['component-csv_reader_component', 'component-nonstandard_column_remover_component', 'component-data_partition_component', 'component-onehotencoder_component', 'component-robustscaler_component', 'component-nusvc_component', 'component-onehotencoder_applier_component', 'component-robustscaler_applier_component', 'component-nusvc_applier_component', 'component-data_writer_component']"
Passiveaggressiveclassifier Component 0,0.9190751445086706,-1,-1,0.3859516999218613,51.378661500057206,1573.5155581000727,269.37154379999265,326.5617446000688,3.0591033999808133,"['component-csv_reader_component', 'component-nonstandard_column_remover_component', 'component-data_partition_component', 'component-ordinalencoder_component', 'component-minmaxscaler_component', 'component-passiveaggressiveclassifier_component', 'component-ordinalencoder_applier_component', 'component-minmaxscaler_applier_component', 'component-passiveaggressiveclassifier_applier_component', 'component-data_writer_component']"
Passiveaggressiveclassifier Component 1,0.8554913294797688,-1,-1,0.3859516999218613,51.378661500057206,1573.5155581000727,269.37154379999265,326.5617446000688,3.303613900206983,"['component-csv_reader_component', 'component-nonstandard_column_remover_component', 'component-data_partition_component', 'component-ordinalencoder_component', 'component-quantiletransformer_component', 'component-passiveaggressiveclassifier_component', 'component-ordinalencoder_applier_component', 'component-quantiletransformer_applier_component', 'component-passiveaggressiveclassifier_applier_component', 'component-data_writer_component']"
Passiveaggressiveclassifier Component 2,0.815028901734104,-1,-1,0.3859516999218613,51.378661500057206,1573.5155581000727,269.37154379999265,326.5617446000688,3.7209598999470472,"['component-csv_reader_component', 'component-nonstandard_column_remover_component', 'component-data_partition_component', 'component-ordinalencoder_component', 'component-maxabsscaler_component', 'component-passiveaggressiveclassifier_component', 'component-ordinalencoder_applier_component', 'component-maxabsscaler_applier_component', 'component-passiveaggressiveclassifier_applier_component', 'component-data_writer_component']"
Passiveaggressiveclassifier Component 3,0.7976878612716763,-1,-1,0.3859516999218613,51.378661500057206,1573.5155581000727,269.37154379999265,326.5617446000688,3.5119151000399143,"['component-csv_reader_component', 'component-nonstandard_column_remover_component', 'component-data_partition_component', 'component-ordinalencoder_component', 'component-normalizer_component', 'component-passiveaggressiveclassifier_component', 'component-ordinalencoder_applier_component', 'component-normalizer_applier_component', 'component-passiveaggressiveclassifier_applier_component', 'component-data_writer_component']"
Passiveaggressiveclassifier Component 4,0.7052023121387283,-1,-1,0.3859516999218613,51.378661500057206,1573.5155581000727,269.37154379999265,326.5617446000688,3.563511800020933,"['component-csv_reader_component', 'component-nonstandard_column_remover_component', 'component-data_partition_component', 'component-ordinalencoder_component', 'component-robustscaler_component', 'component-passiveaggressiveclassifier_component', 'component-ordinalencoder_applier_component', 'component-robustscaler_applier_component', 'component-passiveaggressiveclassifier_applier_component', 'component-data_writer_component']"
Passiveaggressiveclassifier Component 5,0.5260115606936416,-1,-1,0.3859516999218613,51.378661500057206,1573.5155581000727,269.37154379999265,326.5617446000688,3.494179700035602,"['component-csv_reader_component', 'component-nonstandard_column_remover_component', 'component-data_partition_component', 'component-onehotencoder_component', 'component-passiveaggressiveclassifier_component', 'component-onehotencoder_applier_component', 'component-passiveaggressiveclassifier_applier_component', 'component-data_writer_component']"
Quadraticdiscriminantanalysis Component 0,-1,-1,-1,0.3859516999218613,51.378661500057206,1573.5155581000727,269.37154379999265,326.5617446000688,3.2045665001496673,"['component-csv_reader_component', 'component-nonstandard_column_remover_component', 'component-data_partition_component', 'component-onehotencoder_component', 'component-quadraticdiscriminantanalysis_component', 'component-onehotencoder_applier_component', 'component-quadraticdiscriminantanalysis_applier_component', 'component-data_writer_component']"
Radiusneighborsclassifier Component 0,0.8670520231213873,0.9404859404859406,0.2784631069073788,0.3859516999218613,51.378661500057206,1573.5155581000727,269.37154379999265,326.5617446000688,3.540650099981576,"['component-csv_reader_component', 'component-nonstandard_column_remover_component', 'component-data_partition_component', 'component-ordinalencoder_component', 'component-minmaxscaler_component', 'component-radiusneighborsclassifier_component', 'component-ordinalencoder_applier_component', 'component-minmaxscaler_applier_component', 'component-radiusneighborsclassifier_applier_component', 'component-data_writer_component']"
Radiusneighborsclassifier Component 1,0.8439306358381503,0.9358766233766234,0.31316320362171846,0.3859516999218613,51.378661500057206,1573.5155581000727,269.37154379999265,326.5617446000688,3.2580013000406325,"['component-csv_reader_component', 'component-nonstandard_column_remover_component', 'component-data_partition_component', 'component-ordinalencoder_component', 'component-quantiletransformer_component', 'component-radiusneighborsclassifier_component', 'component-ordinalencoder_applier_component', 'component-quantiletransformer_applier_component', 'component-radiusneighborsclassifier_applier_component', 'component-data_writer_component']"
Radiusneighborsclassifier Component 2,0.9826589595375722,0.9993729096989966,0.024039786609015658,0.3859516999218613,51.378661500057206,1573.5155581000727,269.37154379999265,326.5617446000688,5.375373299932107,"['component-csv_reader_component', 'component-nonstandard_column_remover_component', 'component-data_partition_component', 'component-onehotencoder_component', 'component-minmaxscaler_component', 'component-radiusneighborsclassifier_component', 'component-onehotencoder_applier_component', 'component-minmaxscaler_applier_component', 'component-radiusneighborsclassifier_applier_component', 'component-data_writer_component']"
Radiusneighborsclassifier Component 3,0.976878612716763,0.9986349986349986,0.03810216030062829,0.3859516999218613,51.378661500057206,1573.5155581000727,269.37154379999265,326.5617446000688,4.98579219984822,"['component-csv_reader_component', 'component-nonstandard_column_remover_component', 'component-data_partition_component', 'component-onehotencoder_component', 'component-quantiletransformer_component', 'component-radiusneighborsclassifier_component', 'component-onehotencoder_applier_component', 'component-quantiletransformer_applier_component', 'component-radiusneighborsclassifier_applier_component', 'component-data_writer_component']"
Radiusneighborsclassifier Component 4,0.8901734104046243,0.9549157691245512,0.25120108663645685,0.3859516999218613,51.378661500057206,1573.5155581000727,269.37154379999265,326.5617446000688,3.336695599835366,"['component-csv_reader_component', 'component-nonstandard_column_remover_component', 'component-data_partition_component', 'component-ordinalencoder_component', 'component-maxabsscaler_component', 'component-radiusneighborsclassifier_component', 'component-ordinalencoder_applier_component', 'component-maxabsscaler_applier_component', 'component-radiusneighborsclassifier_applier_component', 'component-data_writer_component']"
Radiusneighborsclassifier Component 5,0.8786127167630058,0.9415322580645161,0.28827058309939796,0.3859516999218613,51.378661500057206,1573.5155581000727,269.37154379999265,326.5617446000688,3.1431687001604587,"['component-csv_reader_component', 'component-nonstandard_column_remover_component', 'component-data_partition_component', 'component-ordinalencoder_component', 'component-normalizer_component', 'component-radiusneighborsclassifier_component', 'component-ordinalencoder_applier_component', 'component-normalizer_applier_component', 'component-radiusneighborsclassifier_applier_component', 'component-data_writer_component']"
Radiusneighborsclassifier Component 6,0.9653179190751445,0.9974605720395616,0.05412868470663858,0.3859516999218613,51.378661500057206,1573.5155581000727,269.37154379999265,326.5617446000688,4.704547900008038,"['component-csv_reader_component', 'component-nonstandard_column_remover_component', 'component-data_partition_component', 'component-onehotencoder_component', 'component-maxabsscaler_component', 'component-radiusneighborsclassifier_component', 'component-onehotencoder_applier_component', 'component-maxabsscaler_applier_component', 'component-radiusneighborsclassifier_applier_component', 'component-data_writer_component']"
Radiusneighborsclassifier Component 7,0.8208092485549133,0.9067417254476396,0.3701651430765946,0.3859516999218613,51.378661500057206,1573.5155581000727,269.37154379999265,326.5617446000688,4.758799400180578,"['component-csv_reader_component', 'component-nonstandard_column_remover_component', 'component-data_partition_component', 'component-onehotencoder_component', 'component-normalizer_component', 'component-radiusneighborsclassifier_component', 'component-onehotencoder_applier_component', 'component-normalizer_applier_component', 'component-radiusneighborsclassifier_applier_component', 'component-data_writer_component']"
Radiusneighborsclassifier Component 8,0.9190751445086706,0.9872602739726027,0.11800666161631294,0.3859516999218613,51.378661500057206,1573.5155581000727,269.37154379999265,326.5617446000688,3.028860199963674,"['component-csv_reader_component', 'component-nonstandard_column_remover_component', 'component-data_partition_component', 'component-ordinalencoder_component', 'component-robustscaler_component', 'component-radiusneighborsclassifier_component', 'component-ordinalencoder_applier_component', 'component-robustscaler_applier_component', 'component-radiusneighborsclassifier_applier_component', 'component-data_writer_component']"
Radiusneighborsclassifier Component 9,0.9710982658959537,0.998241341991342,0.04309086675932969,0.3859516999218613,51.378661500057206,1573.5155581000727,269.37154379999265,326.5617446000688,5.013606799999252,"['component-csv_reader_component', 'component-nonstandard_column_remover_component', 'component-data_partition_component', 'component-onehotencoder_component', 'component-robustscaler_component', 'component-radiusneighborsclassifier_component', 'component-onehotencoder_applier_component', 'component-robustscaler_applier_component', 'component-radiusneighborsclassifier_applier_component', 'component-data_writer_component']"
Randomforestclassifier Component 0,1.0,1.0,0.0978307604684258,0.3859516999218613,51.378661500057206,1573.5155581000727,269.37154379999265,326.5617446000688,3.3619578999932855,"['component-csv_reader_component', 'component-nonstandard_column_remover_component', 'component-data_partition_component', 'component-ordinalencoder_component', 'component-randomforestclassifier_component', 'component-ordinalencoder_applier_component', 'component-randomforestclassifier_applier_component', 'component-data_writer_component']"
Randomforestclassifier Component 1,1.0,1.0,0.09524228786728722,0.3859516999218613,51.378661500057206,1573.5155581000727,269.37154379999265,326.5617446000688,3.348182399990037,"['component-csv_reader_component', 'component-nonstandard_column_remover_component', 'component-data_partition_component', 'component-onehotencoder_component', 'component-randomforestclassifier_component', 'component-onehotencoder_applier_component', 'component-randomforestclassifier_applier_component', 'component-data_writer_component']"
Ridgeclassifier Component 0,0.8786127167630058,-1,-1,0.3859516999218613,51.378661500057206,1573.5155581000727,269.37154379999265,326.5617446000688,3.0536454000975937,"['component-csv_reader_component', 'component-nonstandard_column_remover_component', 'component-data_partition_component', 'component-ordinalencoder_component', 'component-minmaxscaler_component', 'component-ridgeclassifier_component', 'component-ordinalencoder_applier_component', 'component-minmaxscaler_applier_component', 'component-ridgeclassifier_applier_component', 'component-data_writer_component']"
Ridgeclassifier Component 1,0.8265895953757225,-1,-1,0.3859516999218613,51.378661500057206,1573.5155581000727,269.37154379999265,326.5617446000688,3.084054300095886,"['component-csv_reader_component', 'component-nonstandard_column_remover_component', 'component-data_partition_component', 'component-ordinalencoder_component', 'component-quantiletransformer_component', 'component-ridgeclassifier_component', 'component-ordinalencoder_applier_component', 'component-quantiletransformer_applier_component', 'component-ridgeclassifier_applier_component', 'component-data_writer_component']"
Ridgeclassifier Component 2,0.861271676300578,-1,-1,0.3859516999218613,51.378661500057206,1573.5155581000727,269.37154379999265,326.5617446000688,3.5705880001187325,"['component-csv_reader_component', 'component-nonstandard_column_remover_component', 'component-data_partition_component', 'component-onehotencoder_component', 'component-minmaxscaler_component', 'component-ridgeclassifier_component', 'component-onehotencoder_applier_component', 'component-minmaxscaler_applier_component', 'component-ridgeclassifier_applier_component', 'component-data_writer_component']"
Ridgeclassifier Component 3,0.8497109826589595,-1,-1,0.3859516999218613,51.378661500057206,1573.5155581000727,269.37154379999265,326.5617446000688,3.5414579999633133,"['component-csv_reader_component', 'component-nonstandard_column_remover_component', 'component-data_partition_component', 'component-onehotencoder_component', 'component-quantiletransformer_component', 'component-ridgeclassifier_component', 'component-onehotencoder_applier_component', 'component-quantiletransformer_applier_component', 'component-ridgeclassifier_applier_component', 'component-data_writer_component']"
Ridgeclassifier Component 4,0.884393063583815,-1,-1,0.3859516999218613,51.378661500057206,1573.5155581000727,269.37154379999265,326.5617446000688,3.0532275000587106,"['component-csv_reader_component', 'component-nonstandard_column_remover_component', 'component-data_partition_component', 'component-ordinalencoder_component', 'component-maxabsscaler_component', 'component-ridgeclassifier_component', 'component-ordinalencoder_applier_component', 'component-maxabsscaler_applier_component', 'component-ridgeclassifier_applier_component', 'component-data_writer_component']"
Ridgeclassifier Component 5,0.8554913294797688,-1,-1,0.3859516999218613,51.378661500057206,1573.5155581000727,269.37154379999265,326.5617446000688,3.223770100157708,"['component-csv_reader_component', 'component-nonstandard_column_remover_component', 'component-data_partition_component', 'component-ordinalencoder_component', 'component-normalizer_component', 'component-ridgeclassifier_component', 'component-ordinalencoder_applier_component', 'component-normalizer_applier_component', 'component-ridgeclassifier_applier_component', 'component-data_writer_component']"
Ridgeclassifier Component 6,0.9017341040462428,-1,-1,0.3859516999218613,51.378661500057206,1573.5155581000727,269.37154379999265,326.5617446000688,3.7076983000151813,"['component-csv_reader_component', 'component-nonstandard_column_remover_component', 'component-data_partition_component', 'component-onehotencoder_component', 'component-maxabsscaler_component', 'component-ridgeclassifier_component', 'component-onehotencoder_applier_component', 'component-maxabsscaler_applier_component', 'component-ridgeclassifier_applier_component', 'component-data_writer_component']"
Ridgeclassifier Component 7,0.8497109826589595,-1,-1,0.3859516999218613,51.378661500057206,1573.5155581000727,269.37154379999265,326.5617446000688,2.9445785998832434,"['component-csv_reader_component', 'component-nonstandard_column_remover_component', 'component-data_partition_component', 'component-onehotencoder_component', 'component-normalizer_component', 'component-ridgeclassifier_component', 'component-onehotencoder_applier_component', 'component-normalizer_applier_component', 'component-ridgeclassifier_applier_component', 'component-data_writer_component']"
Ridgeclassifier Component 8,0.8959537572254336,-1,-1,0.3859516999218613,51.378661500057206,1573.5155581000727,269.37154379999265,326.5617446000688,3.0350290997885168,"['component-csv_reader_component', 'component-nonstandard_column_remover_component', 'component-data_partition_component', 'component-ordinalencoder_component', 'component-robustscaler_component', 'component-ridgeclassifier_component', 'component-ordinalencoder_applier_component', 'component-robustscaler_applier_component', 'component-ridgeclassifier_applier_component', 'component-data_writer_component']"
Ridgeclassifier Component 9,0.884393063583815,-1,-1,0.3859516999218613,51.378661500057206,1573.5155581000727,269.37154379999265,326.5617446000688,3.122975300066173,"['component-csv_reader_component', 'component-nonstandard_column_remover_component', 'component-data_partition_component', 'component-onehotencoder_component', 'component-robustscaler_component', 'component-ridgeclassifier_component', 'component-onehotencoder_applier_component', 'component-robustscaler_applier_component', 'component-ridgeclassifier_applier_component', 'component-data_writer_component']"
Ridgeclassifiercv Component 0,0.861271676300578,-1,-1,0.3859516999218613,51.378661500057206,1573.5155581000727,269.37154379999265,326.5617446000688,3.217440300155431,"['component-csv_reader_component', 'component-nonstandard_column_remover_component', 'component-data_partition_component', 'component-ordinalencoder_component', 'component-minmaxscaler_component', 'component-ridgeclassifiercv_component', 'component-ordinalencoder_applier_component', 'component-minmaxscaler_applier_component', 'component-ridgeclassifiercv_applier_component', 'component-data_writer_component']"
Ridgeclassifiercv Component 1,0.8439306358381503,-1,-1,0.3859516999218613,51.378661500057206,1573.5155581000727,269.37154379999265,326.5617446000688,3.3400926999747753,"['component-csv_reader_component', 'component-nonstandard_column_remover_component', 'component-data_partition_component', 'component-ordinalencoder_component', 'component-quantiletransformer_component', 'component-ridgeclassifiercv_component', 'component-ordinalencoder_applier_component', 'component-quantiletransformer_applier_component', 'component-ridgeclassifiercv_applier_component', 'component-data_writer_component']"
Ridgeclassifiercv Component 2,0.8670520231213873,-1,-1,0.3859516999218613,51.378661500057206,1573.5155581000727,269.37154379999265,326.5617446000688,3.5681278000120074,"['component-csv_reader_component', 'component-nonstandard_column_remover_component', 'component-data_partition_component', 'component-ordinalencoder_component', 'component-maxabsscaler_component', 'component-ridgeclassifiercv_component', 'component-ordinalencoder_applier_component', 'component-maxabsscaler_applier_component', 'component-ridgeclassifiercv_applier_component', 'component-data_writer_component']"
Ridgeclassifiercv Component 3,0.8670520231213873,-1,-1,0.3859516999218613,51.378661500057206,1573.5155581000727,269.37154379999265,326.5617446000688,3.702048300066963,"['component-csv_reader_component', 'component-nonstandard_column_remover_component', 'component-data_partition_component', 'component-ordinalencoder_component', 'component-normalizer_component', 'component-ridgeclassifiercv_component', 'component-ordinalencoder_applier_component', 'component-normalizer_applier_component', 'component-ridgeclassifiercv_applier_component', 'component-data_writer_component']"
Ridgeclassifiercv Component 4,0.8554913294797688,-1,-1,0.3859516999218613,51.378661500057206,1573.5155581000727,269.37154379999265,326.5617446000688,3.6734181998763233,"['component-csv_reader_component', 'component-nonstandard_column_remover_component', 'component-data_partition_component', 'component-ordinalencoder_component', 'component-robustscaler_component', 'component-ridgeclassifiercv_component', 'component-ordinalencoder_applier_component', 'component-robustscaler_applier_component', 'component-ridgeclassifiercv_applier_component', 'component-data_writer_component']"
Ridgeclassifiercv Component 5,0.8323699421965318,-1,-1,0.3859516999218613,51.378661500057206,1573.5155581000727,269.37154379999265,326.5617446000688,4.808258099947125,"['component-csv_reader_component', 'component-nonstandard_column_remover_component', 'component-data_partition_component', 'component-onehotencoder_component', 'component-ridgeclassifiercv_component', 'component-onehotencoder_applier_component', 'component-ridgeclassifiercv_applier_component', 'component-data_writer_component']"
Selftrainingclassifier Component 0,-1,-1,-1,0.3859516999218613,51.378661500057206,1573.5155581000727,269.37154379999265,326.5617446000688,3.8059191999491304,"['component-csv_reader_component', 'component-nonstandard_column_remover_component', 'component-data_partition_component', 'component-selftrainingclassifier_component', 'component-selftrainingclassifier_applier_component', 'component-data_writer_component']"
Sgdclassifier Component 0,0.861271676300578,-1,-1,0.3859516999218613,51.378661500057206,1573.5155581000727,269.37154379999265,326.5617446000688,3.181880900170654,"['component-csv_reader_component', 'component-nonstandard_column_remover_component', 'component-data_partition_component', 'component-ordinalencoder_component', 'component-minmaxscaler_component', 'component-sgdclassifier_component', 'component-ordinalencoder_applier_component', 'component-minmaxscaler_applier_component', 'component-sgdclassifier_applier_component', 'component-data_writer_component']"
Sgdclassifier Component 1,0.9017341040462428,-1,-1,0.3859516999218613,51.378661500057206,1573.5155581000727,269.37154379999265,326.5617446000688,4.410922999959439,"['component-csv_reader_component', 'component-nonstandard_column_remover_component', 'component-data_partition_component', 'component-ordinalencoder_component', 'component-quantiletransformer_component', 'component-sgdclassifier_component', 'component-ordinalencoder_applier_component', 'component-quantiletransformer_applier_component', 'component-sgdclassifier_applier_component', 'component-data_writer_component']"
Sgdclassifier Component 2,0.884393063583815,-1,-1,0.3859516999218613,51.378661500057206,1573.5155581000727,269.37154379999265,326.5617446000688,3.4526094999164343,"['component-csv_reader_component', 'component-nonstandard_column_remover_component', 'component-data_partition_component', 'component-ordinalencoder_component', 'component-maxabsscaler_component', 'component-sgdclassifier_component', 'component-ordinalencoder_applier_component', 'component-maxabsscaler_applier_component', 'component-sgdclassifier_applier_component', 'component-data_writer_component']"
Sgdclassifier Component 3,0.7398843930635838,-1,-1,0.3859516999218613,51.378661500057206,1573.5155581000727,269.37154379999265,326.5617446000688,3.22858739993535,"['component-csv_reader_component', 'component-nonstandard_column_remover_component', 'component-data_partition_component', 'component-ordinalencoder_component', 'component-normalizer_component', 'component-sgdclassifier_component', 'component-ordinalencoder_applier_component', 'component-normalizer_applier_component', 'component-sgdclassifier_applier_component', 'component-data_writer_component']"
Sgdclassifier Component 4,0.7803468208092486,-1,-1,0.3859516999218613,51.378661500057206,1573.5155581000727,269.37154379999265,326.5617446000688,3.3950201000552624,"['component-csv_reader_component', 'component-nonstandard_column_remover_component', 'component-data_partition_component', 'component-ordinalencoder_component', 'component-robustscaler_component', 'component-sgdclassifier_component', 'component-ordinalencoder_applier_component', 'component-robustscaler_applier_component', 'component-sgdclassifier_applier_component', 'component-data_writer_component']"
Sgdclassifier Component 5,0.5317919075144508,-1,-1,0.3859516999218613,51.378661500057206,1573.5155581000727,269.37154379999265,326.5617446000688,3.4970456999726593,"['component-csv_reader_component', 'component-nonstandard_column_remover_component', 'component-data_partition_component', 'component-onehotencoder_component', 'component-sgdclassifier_component', 'component-onehotencoder_applier_component', 'component-sgdclassifier_applier_component', 'component-data_writer_component']"
Svc Component 0,0.884393063583815,-1,-1,0.3859516999218613,51.378661500057206,1573.5155581000727,269.37154379999265,326.5617446000688,3.284761100076139,"['component-csv_reader_component', 'component-nonstandard_column_remover_component', 'component-data_partition_component', 'component-ordinalencoder_component', 'component-minmaxscaler_component', 'component-svc_component', 'component-ordinalencoder_applier_component', 'component-minmaxscaler_applier_component', 'component-svc_applier_component', 'component-data_writer_component']"
Svc Component 1,0.8901734104046243,-1,-1,0.3859516999218613,51.378661500057206,1573.5155581000727,269.37154379999265,326.5617446000688,3.674232699908316,"['component-csv_reader_component', 'component-nonstandard_column_remover_component', 'component-data_partition_component', 'component-ordinalencoder_component', 'component-quantiletransformer_component', 'component-svc_component', 'component-ordinalencoder_applier_component', 'component-quantiletransformer_applier_component', 'component-svc_applier_component', 'component-data_writer_component']"
Svc Component 2,0.9075144508670521,-1,-1,0.3859516999218613,51.378661500057206,1573.5155581000727,269.37154379999265,326.5617446000688,3.1610275998245925,"['component-csv_reader_component', 'component-nonstandard_column_remover_component', 'component-data_partition_component', 'component-onehotencoder_component', 'component-minmaxscaler_component', 'component-svc_component', 'component-onehotencoder_applier_component', 'component-minmaxscaler_applier_component', 'component-svc_applier_component', 'component-data_writer_component']"
Svc Component 3,0.8728323699421965,-1,-1,0.3859516999218613,51.378661500057206,1573.5155581000727,269.37154379999265,326.5617446000688,3.339600499952212,"['component-csv_reader_component', 'component-nonstandard_column_remover_component', 'component-data_partition_component', 'component-onehotencoder_component', 'component-quantiletransformer_component', 'component-svc_component', 'component-onehotencoder_applier_component', 'component-quantiletransformer_applier_component', 'component-svc_applier_component', 'component-data_writer_component']"
Svc Component 4,0.8959537572254336,-1,-1,0.3859516999218613,51.378661500057206,1573.5155581000727,269.37154379999265,326.5617446000688,3.3605092999059707,"['component-csv_reader_component', 'component-nonstandard_column_remover_component', 'component-data_partition_component', 'component-ordinalencoder_component', 'component-maxabsscaler_component', 'component-svc_component', 'component-ordinalencoder_applier_component', 'component-maxabsscaler_applier_component', 'component-svc_applier_component', 'component-data_writer_component']"
Svc Component 5,0.8959537572254336,-1,-1,0.3859516999218613,51.378661500057206,1573.5155581000727,269.37154379999265,326.5617446000688,3.5939772001001984,"['component-csv_reader_component', 'component-nonstandard_column_remover_component', 'component-data_partition_component', 'component-ordinalencoder_component', 'component-normalizer_component', 'component-svc_component', 'component-ordinalencoder_applier_component', 'component-normalizer_applier_component', 'component-svc_applier_component', 'component-data_writer_component']"
Svc Component 6,0.9132947976878613,-1,-1,0.3859516999218613,51.378661500057206,1573.5155581000727,269.37154379999265,326.5617446000688,3.1241423999890685,"['component-csv_reader_component', 'component-nonstandard_column_remover_component', 'component-data_partition_component', 'component-onehotencoder_component', 'component-maxabsscaler_component', 'component-svc_component', 'component-onehotencoder_applier_component', 'component-maxabsscaler_applier_component', 'component-svc_applier_component', 'component-data_writer_component']"
Svc Component 7,0.8439306358381503,-1,-1,0.3859516999218613,51.378661500057206,1573.5155581000727,269.37154379999265,326.5617446000688,3.5255623999983072,"['component-csv_reader_component', 'component-nonstandard_column_remover_component', 'component-data_partition_component', 'component-onehotencoder_component', 'component-normalizer_component', 'component-svc_component', 'component-onehotencoder_applier_component', 'component-normalizer_applier_component', 'component-svc_applier_component', 'component-data_writer_component']"
Svc Component 8,0.8786127167630058,-1,-1,0.3859516999218613,51.378661500057206,1573.5155581000727,269.37154379999265,326.5617446000688,3.1239306000061333,"['component-csv_reader_component', 'component-nonstandard_column_remover_component', 'component-data_partition_component', 'component-ordinalencoder_component', 'component-robustscaler_component', 'component-svc_component', 'component-ordinalencoder_applier_component', 'component-robustscaler_applier_component', 'component-svc_applier_component', 'component-data_writer_component']"
Svc Component 9,0.8728323699421965,-1,-1,0.3859516999218613,51.378661500057206,1573.5155581000727,269.37154379999265,326.5617446000688,3.086722900159657,"['component-csv_reader_component', 'component-nonstandard_column_remover_component', 'component-data_partition_component', 'component-onehotencoder_component', 'component-robustscaler_component', 'component-svc_component', 'component-onehotencoder_applier_component', 'component-robustscaler_applier_component', 'component-svc_applier_component', 'component-data_writer_component']"
