name,accuracy,auc,logloss,annotator_time,abstract_planner_time,logical_planner_time,workflow_builder_time,translator_time,execution_time,plan
Adaboostclassifier Component 0,0.776,0.8316935002981515,0.5857065004680833,0.08139230008237064,40.42528030020185,1338.6723668000195,252.02584889996797,280.2801200998947,6.263111900072545,"['component-csv_reader_component', 'component-nonstandard_column_remover_component', 'component-data_partition_component', 'component-ordinalencoder_component', 'component-adaboostclassifier_component', 'component-ordinalencoder_applier_component', 'component-adaboostclassifier_applier_component', 'component-data_writer_component']"
Adaboostclassifier Component 1,0.816,0.8722235121120656,0.5799996782795221,0.08139230008237064,40.42528030020185,1338.6723668000195,252.02584889996797,280.2801200998947,3.451120899990201,"['component-csv_reader_component', 'component-nonstandard_column_remover_component', 'component-data_partition_component', 'component-onehotencoder_component', 'component-adaboostclassifier_component', 'component-onehotencoder_applier_component', 'component-adaboostclassifier_applier_component', 'component-data_writer_component']"
Baggingclassifier Component 0,0.976,0.9990169388989716,0.16289124579729125,0.08139230008237064,40.42528030020185,1338.6723668000195,252.02584889996797,280.2801200998947,3.289202200016007,"['component-csv_reader_component', 'component-nonstandard_column_remover_component', 'component-data_partition_component', 'component-ordinalencoder_component', 'component-baggingclassifier_component', 'component-ordinalencoder_applier_component', 'component-baggingclassifier_applier_component', 'component-data_writer_component']"
Baggingclassifier Component 1,0.976,0.99587870538415,0.1696150996250772,0.08139230008237064,40.42528030020185,1338.6723668000195,252.02584889996797,280.2801200998947,3.330493099987507,"['component-csv_reader_component', 'component-nonstandard_column_remover_component', 'component-data_partition_component', 'component-onehotencoder_component', 'component-baggingclassifier_component', 'component-onehotencoder_applier_component', 'component-baggingclassifier_applier_component', 'component-data_writer_component']"
Bernoullinb Component 0,0.708,0.6754453316953316,0.5719144800634538,0.08139230008237064,40.42528030020185,1338.6723668000195,252.02584889996797,280.2801200998947,3.0042615002021194,"['component-csv_reader_component', 'component-nonstandard_column_remover_component', 'component-data_partition_component', 'component-ordinalencoder_component', 'component-binarizer_component', 'component-bernoullinb_component', 'component-ordinalencoder_applier_component', 'component-binarizer_applier_component', 'component-bernoullinb_applier_component', 'component-data_writer_component']"
Bernoullinb Component 1,0.776,0.8447771836007131,0.5218725402689345,0.08139230008237064,40.42528030020185,1338.6723668000195,252.02584889996797,280.2801200998947,3.027035200037062,"['component-csv_reader_component', 'component-nonstandard_column_remover_component', 'component-data_partition_component', 'component-onehotencoder_component', 'component-binarizer_component', 'component-bernoullinb_component', 'component-onehotencoder_applier_component', 'component-binarizer_applier_component', 'component-bernoullinb_applier_component', 'component-data_writer_component']"
Bernoullinb Component 2,0.856,0.9274529860728618,0.35623709379351426,0.08139230008237064,40.42528030020185,1338.6723668000195,252.02584889996797,280.2801200998947,3.098782999906689,"['component-csv_reader_component', 'component-nonstandard_column_remover_component', 'component-data_partition_component', 'component-onehotencoder_component', 'component-bernoullinb_component', 'component-onehotencoder_applier_component', 'component-bernoullinb_applier_component', 'component-data_writer_component']"
Bernoullinb Component 3,-1,-1,-1,0.08139230008237064,40.42528030020185,1338.6723668000195,252.02584889996797,280.2801200998947,3.361922000069171,"['component-csv_reader_component', 'component-nonstandard_column_remover_component', 'component-data_partition_component', 'component-ordinalencoder_component', 'component-randomtreesembedding_component', 'component-bernoullinb_component', 'component-ordinalencoder_applier_component', 'component-randomtreesembedding_applier_component', 'component-bernoullinb_applier_component', 'component-data_writer_component']"
Bernoullinb Component 4,-1,-1,-1,0.08139230008237064,40.42528030020185,1338.6723668000195,252.02584889996797,280.2801200998947,3.2950432000216097,"['component-csv_reader_component', 'component-nonstandard_column_remover_component', 'component-data_partition_component', 'component-onehotencoder_component', 'component-randomtreesembedding_component', 'component-bernoullinb_component', 'component-onehotencoder_applier_component', 'component-randomtreesembedding_applier_component', 'component-bernoullinb_applier_component', 'component-data_writer_component']"
Calibratedclassifiercv Component 0,-1,-1,-1,0.08139230008237064,40.42528030020185,1338.6723668000195,252.02584889996797,280.2801200998947,3.2692219000309706,"['component-csv_reader_component', 'component-nonstandard_column_remover_component', 'component-data_partition_component', 'component-calibratedclassifiercv_component', 'component-calibratedclassifiercv_applier_component', 'component-data_writer_component']"
Categoricalnb Component 0,-1,-1,-1,0.08139230008237064,40.42528030020185,1338.6723668000195,252.02584889996797,280.2801200998947,3.0290951000060886,"['component-csv_reader_component', 'component-nonstandard_column_remover_component', 'component-data_partition_component', 'component-ordinalencoder_component', 'component-kbinsdiscretizer_component', 'component-categoricalnb_component', 'component-ordinalencoder_applier_component', 'component-kbinsdiscretizer_applier_component', 'component-categoricalnb_applier_component', 'component-data_writer_component']"
Categoricalnb Component 1,-1,-1,-1,0.08139230008237064,40.42528030020185,1338.6723668000195,252.02584889996797,280.2801200998947,3.029828399885446,"['component-csv_reader_component', 'component-nonstandard_column_remover_component', 'component-data_partition_component', 'component-onehotencoder_component', 'component-kbinsdiscretizer_component', 'component-categoricalnb_component', 'component-onehotencoder_applier_component', 'component-kbinsdiscretizer_applier_component', 'component-categoricalnb_applier_component', 'component-data_writer_component']"
Complementnb Component 0,0.612,0.6382831695331695,0.8080743248332856,0.08139230008237064,40.42528030020185,1338.6723668000195,252.02584889996797,280.2801200998947,2.9947605999186635,"['component-csv_reader_component', 'component-nonstandard_column_remover_component', 'component-data_partition_component', 'component-ordinalencoder_component', 'component-minmaxscaler_component', 'component-complementnb_component', 'component-ordinalencoder_applier_component', 'component-minmaxscaler_applier_component', 'component-complementnb_applier_component', 'component-data_writer_component']"
Complementnb Component 1,0.628,0.6028274428274428,1.0802562671213605,0.08139230008237064,40.42528030020185,1338.6723668000195,252.02584889996797,280.2801200998947,3.0503531000576913,"['component-csv_reader_component', 'component-nonstandard_column_remover_component', 'component-data_partition_component', 'component-ordinalencoder_component', 'component-quantiletransformer_component', 'component-complementnb_component', 'component-ordinalencoder_applier_component', 'component-quantiletransformer_applier_component', 'component-complementnb_applier_component', 'component-data_writer_component']"
Complementnb Component 2,0.688,0.7389705882352942,1.334818354960962,0.08139230008237064,40.42528030020185,1338.6723668000195,252.02584889996797,280.2801200998947,2.8529413999058306,"['component-csv_reader_component', 'component-nonstandard_column_remover_component', 'component-data_partition_component', 'component-onehotencoder_component', 'component-complementnb_component', 'component-onehotencoder_applier_component', 'component-complementnb_applier_component', 'component-data_writer_component']"
Decisiontreeclassifier Component 0,-1,-1,-1,0.08139230008237064,40.42528030020185,1338.6723668000195,252.02584889996797,280.2801200998947,3.336268200073391,"['component-csv_reader_component', 'component-nonstandard_column_remover_component', 'component-data_partition_component', 'component-decisiontreeclassifier_component', 'component-decisiontreeclassifier_applier_component', 'component-data_writer_component']"
Dummyclassifier Component 0,0.708,0.5,0.6039327503846451,0.08139230008237064,40.42528030020185,1338.6723668000195,252.02584889996797,280.2801200998947,3.5567473000846803,"['component-csv_reader_component', 'component-data_partition_component', 'component-dummyclassifier_component', 'component-dummyclassifier_applier_component', 'component-data_writer_component']"
Extratreeclassifier Component 0,1.0,1.0,2.220446049250313e-16,0.08139230008237064,40.42528030020185,1338.6723668000195,252.02584889996797,280.2801200998947,3.082725399872288,"['component-csv_reader_component', 'component-nonstandard_column_remover_component', 'component-data_partition_component', 'component-ordinalencoder_component', 'component-extratreeclassifier_component', 'component-ordinalencoder_applier_component', 'component-extratreeclassifier_applier_component', 'component-data_writer_component']"
Extratreeclassifier Component 1,1.0,1.0,2.220446049250313e-16,0.08139230008237064,40.42528030020185,1338.6723668000195,252.02584889996797,280.2801200998947,3.1810589998494834,"['component-csv_reader_component', 'component-nonstandard_column_remover_component', 'component-data_partition_component', 'component-onehotencoder_component', 'component-extratreeclassifier_component', 'component-onehotencoder_applier_component', 'component-extratreeclassifier_applier_component', 'component-data_writer_component']"
Extratreesclassifier Component 0,1.0,1.0,2.220446049250313e-16,0.08139230008237064,40.42528030020185,1338.6723668000195,252.02584889996797,280.2801200998947,3.3122811999637634,"['component-csv_reader_component', 'component-nonstandard_column_remover_component', 'component-data_partition_component', 'component-ordinalencoder_component', 'component-extratreesclassifier_component', 'component-ordinalencoder_applier_component', 'component-extratreesclassifier_applier_component', 'component-data_writer_component']"
Extratreesclassifier Component 1,1.0,1.0,2.220446049250313e-16,0.08139230008237064,40.42528030020185,1338.6723668000195,252.02584889996797,280.2801200998947,3.381529300007969,"['component-csv_reader_component', 'component-nonstandard_column_remover_component', 'component-data_partition_component', 'component-onehotencoder_component', 'component-extratreesclassifier_component', 'component-onehotencoder_applier_component', 'component-extratreesclassifier_applier_component', 'component-data_writer_component']"
Gaussiannb Component 0,0.716,0.7785087719298246,0.6700374005255403,0.08139230008237064,40.42528030020185,1338.6723668000195,252.02584889996797,280.2801200998947,2.9773146000225097,"['component-csv_reader_component', 'component-nonstandard_column_remover_component', 'component-data_partition_component', 'component-ordinalencoder_component', 'component-gaussiannb_component', 'component-ordinalencoder_applier_component', 'component-gaussiannb_applier_component', 'component-data_writer_component']"
Gaussiannb Component 1,0.804,0.8479070786763094,0.8970404360405602,0.08139230008237064,40.42528030020185,1338.6723668000195,252.02584889996797,280.2801200998947,2.8917090999893844,"['component-csv_reader_component', 'component-nonstandard_column_remover_component', 'component-data_partition_component', 'component-onehotencoder_component', 'component-gaussiannb_component', 'component-onehotencoder_applier_component', 'component-gaussiannb_applier_component', 'component-data_writer_component']"
Gaussianprocessclassifier Component 0,0.796,0.9177590511860174,0.4522434679516763,0.08139230008237064,40.42528030020185,1338.6723668000195,252.02584889996797,280.2801200998947,3.0312145000789315,"['component-csv_reader_component', 'component-nonstandard_column_remover_component', 'component-data_partition_component', 'component-ordinalencoder_component', 'component-minmaxscaler_component', 'component-gaussianprocessclassifier_component', 'component-ordinalencoder_applier_component', 'component-minmaxscaler_applier_component', 'component-gaussianprocessclassifier_applier_component', 'component-data_writer_component']"
Gaussianprocessclassifier Component 1,0.8,0.9363417982155113,0.4385511163658073,0.08139230008237064,40.42528030020185,1338.6723668000195,252.02584889996797,280.2801200998947,3.10546370013617,"['component-csv_reader_component', 'component-nonstandard_column_remover_component', 'component-data_partition_component', 'component-ordinalencoder_component', 'component-quantiletransformer_component', 'component-gaussianprocessclassifier_component', 'component-ordinalencoder_applier_component', 'component-quantiletransformer_applier_component', 'component-gaussianprocessclassifier_applier_component', 'component-data_writer_component']"
Gaussianprocessclassifier Component 2,1.0,1.0,0.5287261641987077,0.08139230008237064,40.42528030020185,1338.6723668000195,252.02584889996797,280.2801200998947,3.3610793999396265,"['component-csv_reader_component', 'component-nonstandard_column_remover_component', 'component-data_partition_component', 'component-onehotencoder_component', 'component-minmaxscaler_component', 'component-gaussianprocessclassifier_component', 'component-onehotencoder_applier_component', 'component-minmaxscaler_applier_component', 'component-gaussianprocessclassifier_applier_component', 'component-data_writer_component']"
Gaussianprocessclassifier Component 3,1.0,1.0,0.5302902159554547,0.08139230008237064,40.42528030020185,1338.6723668000195,252.02584889996797,280.2801200998947,2.9745075998362154,"['component-csv_reader_component', 'component-nonstandard_column_remover_component', 'component-data_partition_component', 'component-onehotencoder_component', 'component-quantiletransformer_component', 'component-gaussianprocessclassifier_component', 'component-onehotencoder_applier_component', 'component-quantiletransformer_applier_component', 'component-gaussianprocessclassifier_applier_component', 'component-data_writer_component']"
Gaussianprocessclassifier Component 4,0.816,0.9090469279148524,0.5015718732861825,0.08139230008237064,40.42528030020185,1338.6723668000195,252.02584889996797,280.2801200998947,3.2335090001579374,"['component-csv_reader_component', 'component-nonstandard_column_remover_component', 'component-data_partition_component', 'component-ordinalencoder_component', 'component-maxabsscaler_component', 'component-gaussianprocessclassifier_component', 'component-ordinalencoder_applier_component', 'component-maxabsscaler_applier_component', 'component-gaussianprocessclassifier_applier_component', 'component-data_writer_component']"
Gaussianprocessclassifier Component 5,0.688,0.5902653548002386,0.6207147073351912,0.08139230008237064,40.42528030020185,1338.6723668000195,252.02584889996797,280.2801200998947,2.9981974000111222,"['component-csv_reader_component', 'component-nonstandard_column_remover_component', 'component-data_partition_component', 'component-ordinalencoder_component', 'component-normalizer_component', 'component-gaussianprocessclassifier_component', 'component-ordinalencoder_applier_component', 'component-normalizer_applier_component', 'component-gaussianprocessclassifier_applier_component', 'component-data_writer_component']"
Gaussianprocessclassifier Component 6,1.0,1.0,0.528146878987321,0.08139230008237064,40.42528030020185,1338.6723668000195,252.02584889996797,280.2801200998947,2.920782099943608,"['component-csv_reader_component', 'component-nonstandard_column_remover_component', 'component-data_partition_component', 'component-onehotencoder_component', 'component-maxabsscaler_component', 'component-gaussianprocessclassifier_component', 'component-onehotencoder_applier_component', 'component-maxabsscaler_applier_component', 'component-gaussianprocessclassifier_applier_component', 'component-data_writer_component']"
Gaussianprocessclassifier Component 7,0.696,0.8232002419842711,0.6142491043625405,0.08139230008237064,40.42528030020185,1338.6723668000195,252.02584889996797,280.2801200998947,3.1298521000426263,"['component-csv_reader_component', 'component-nonstandard_column_remover_component', 'component-data_partition_component', 'component-onehotencoder_component', 'component-normalizer_component', 'component-gaussianprocessclassifier_component', 'component-onehotencoder_applier_component', 'component-normalizer_applier_component', 'component-gaussianprocessclassifier_applier_component', 'component-data_writer_component']"
Gaussianprocessclassifier Component 8,0.952,0.9949714285714286,0.4962091489749503,0.08139230008237064,40.42528030020185,1338.6723668000195,252.02584889996797,280.2801200998947,2.878131699981168,"['component-csv_reader_component', 'component-nonstandard_column_remover_component', 'component-data_partition_component', 'component-ordinalencoder_component', 'component-robustscaler_component', 'component-gaussianprocessclassifier_component', 'component-ordinalencoder_applier_component', 'component-robustscaler_applier_component', 'component-gaussianprocessclassifier_applier_component', 'component-data_writer_component']"
Gaussianprocessclassifier Component 9,1.0,1.0,0.5315626687663234,0.08139230008237064,40.42528030020185,1338.6723668000195,252.02584889996797,280.2801200998947,3.3463492998853326,"['component-csv_reader_component', 'component-nonstandard_column_remover_component', 'component-data_partition_component', 'component-onehotencoder_component', 'component-robustscaler_component', 'component-gaussianprocessclassifier_component', 'component-onehotencoder_applier_component', 'component-robustscaler_applier_component', 'component-gaussianprocessclassifier_applier_component', 'component-data_writer_component']"
Gradientboostingclassifier Component 0,0.988,0.9998412698412699,0.15058774331269967,0.08139230008237064,40.42528030020185,1338.6723668000195,252.02584889996797,280.2801200998947,3.3566906000487506,"['component-csv_reader_component', 'component-nonstandard_column_remover_component', 'component-data_partition_component', 'component-ordinalencoder_component', 'component-gradientboostingclassifier_component', 'component-ordinalencoder_applier_component', 'component-gradientboostingclassifier_applier_component', 'component-data_writer_component']"
Gradientboostingclassifier Component 1,0.988,0.9998529411764706,0.16512912212540978,0.08139230008237064,40.42528030020185,1338.6723668000195,252.02584889996797,280.2801200998947,3.1920463999267668,"['component-csv_reader_component', 'component-nonstandard_column_remover_component', 'component-data_partition_component', 'component-onehotencoder_component', 'component-gradientboostingclassifier_component', 'component-onehotencoder_applier_component', 'component-gradientboostingclassifier_applier_component', 'component-data_writer_component']"
Histgradientboostingclassifier Component 0,0.988,1.0,0.13186144002046712,0.08139230008237064,40.42528030020185,1338.6723668000195,252.02584889996797,280.2801200998947,7.293743999907747,"['component-csv_reader_component', 'component-nonstandard_column_remover_component', 'component-data_partition_component', 'component-ordinalencoder_component', 'component-histgradientboostingclassifier_component', 'component-ordinalencoder_applier_component', 'component-histgradientboostingclassifier_applier_component', 'component-data_writer_component']"
Histgradientboostingclassifier Component 1,0.98,0.9993904761904762,0.1740833512183608,0.08139230008237064,40.42528030020185,1338.6723668000195,252.02584889996797,280.2801200998947,4.994061700068414,"['component-csv_reader_component', 'component-nonstandard_column_remover_component', 'component-data_partition_component', 'component-onehotencoder_component', 'component-histgradientboostingclassifier_component', 'component-onehotencoder_applier_component', 'component-histgradientboostingclassifier_applier_component', 'component-data_writer_component']"
Kneighborsclassifier Component 0,0.816,0.8547547043010753,0.38680686127059416,0.08139230008237064,40.42528030020185,1338.6723668000195,252.02584889996797,280.2801200998947,4.629212600179017,"['component-csv_reader_component', 'component-nonstandard_column_remover_component', 'component-data_partition_component', 'component-ordinalencoder_component', 'component-minmaxscaler_component', 'component-kneighborsclassifier_component', 'component-ordinalencoder_applier_component', 'component-minmaxscaler_applier_component', 'component-kneighborsclassifier_applier_component', 'component-data_writer_component']"
Kneighborsclassifier Component 1,0.764,0.8321944103194103,0.4283956921041909,0.08139230008237064,40.42528030020185,1338.6723668000195,252.02584889996797,280.2801200998947,4.576682999962941,"['component-csv_reader_component', 'component-nonstandard_column_remover_component', 'component-data_partition_component', 'component-ordinalencoder_component', 'component-quantiletransformer_component', 'component-kneighborsclassifier_component', 'component-ordinalencoder_applier_component', 'component-quantiletransformer_applier_component', 'component-kneighborsclassifier_applier_component', 'component-data_writer_component']"
Kneighborsclassifier Component 2,0.816,0.8852938968545905,0.378538785183869,0.08139230008237064,40.42528030020185,1338.6723668000195,252.02584889996797,280.2801200998947,4.509437500033528,"['component-csv_reader_component', 'component-nonstandard_column_remover_component', 'component-data_partition_component', 'component-onehotencoder_component', 'component-minmaxscaler_component', 'component-kneighborsclassifier_component', 'component-onehotencoder_applier_component', 'component-minmaxscaler_applier_component', 'component-kneighborsclassifier_applier_component', 'component-data_writer_component']"
Kneighborsclassifier Component 3,0.796,0.8447108718701574,0.40015349671269246,0.08139230008237064,40.42528030020185,1338.6723668000195,252.02584889996797,280.2801200998947,4.6731871999800205,"['component-csv_reader_component', 'component-nonstandard_column_remover_component', 'component-data_partition_component', 'component-onehotencoder_component', 'component-quantiletransformer_component', 'component-kneighborsclassifier_component', 'component-onehotencoder_applier_component', 'component-quantiletransformer_applier_component', 'component-kneighborsclassifier_applier_component', 'component-data_writer_component']"
Kneighborsclassifier Component 4,0.792,0.8246857142857142,0.4254333711690125,0.08139230008237064,40.42528030020185,1338.6723668000195,252.02584889996797,280.2801200998947,4.7085728999227285,"['component-csv_reader_component', 'component-nonstandard_column_remover_component', 'component-data_partition_component', 'component-ordinalencoder_component', 'component-maxabsscaler_component', 'component-kneighborsclassifier_component', 'component-ordinalencoder_applier_component', 'component-maxabsscaler_applier_component', 'component-kneighborsclassifier_applier_component', 'component-data_writer_component']"
Kneighborsclassifier Component 5,0.768,0.8049344066785927,0.4567528010575744,0.08139230008237064,40.42528030020185,1338.6723668000195,252.02584889996797,280.2801200998947,4.946566599886864,"['component-csv_reader_component', 'component-nonstandard_column_remover_component', 'component-data_partition_component', 'component-ordinalencoder_component', 'component-normalizer_component', 'component-kneighborsclassifier_component', 'component-ordinalencoder_applier_component', 'component-normalizer_applier_component', 'component-kneighborsclassifier_applier_component', 'component-data_writer_component']"
Kneighborsclassifier Component 6,0.756,0.8351979345955249,0.44406251591752094,0.08139230008237064,40.42528030020185,1338.6723668000195,252.02584889996797,280.2801200998947,4.518275700043887,"['component-csv_reader_component', 'component-nonstandard_column_remover_component', 'component-data_partition_component', 'component-onehotencoder_component', 'component-maxabsscaler_component', 'component-kneighborsclassifier_component', 'component-onehotencoder_applier_component', 'component-maxabsscaler_applier_component', 'component-kneighborsclassifier_applier_component', 'component-data_writer_component']"
Kneighborsclassifier Component 7,0.772,0.8170666666666667,0.44450720382528897,0.08139230008237064,40.42528030020185,1338.6723668000195,252.02584889996797,280.2801200998947,4.443034199997783,"['component-csv_reader_component', 'component-nonstandard_column_remover_component', 'component-data_partition_component', 'component-onehotencoder_component', 'component-normalizer_component', 'component-kneighborsclassifier_component', 'component-onehotencoder_applier_component', 'component-normalizer_applier_component', 'component-kneighborsclassifier_applier_component', 'component-data_writer_component']"
Kneighborsclassifier Component 8,0.788,0.8443382352941177,0.4405032384448711,0.08139230008237064,40.42528030020185,1338.6723668000195,252.02584889996797,280.2801200998947,4.444764900021255,"['component-csv_reader_component', 'component-nonstandard_column_remover_component', 'component-data_partition_component', 'component-ordinalencoder_component', 'component-robustscaler_component', 'component-kneighborsclassifier_component', 'component-ordinalencoder_applier_component', 'component-robustscaler_applier_component', 'component-kneighborsclassifier_applier_component', 'component-data_writer_component']"
Kneighborsclassifier Component 9,0.808,0.8690847946192649,0.3849720227800862,0.08139230008237064,40.42528030020185,1338.6723668000195,252.02584889996797,280.2801200998947,4.477150399936363,"['component-csv_reader_component', 'component-nonstandard_column_remover_component', 'component-data_partition_component', 'component-onehotencoder_component', 'component-robustscaler_component', 'component-kneighborsclassifier_component', 'component-onehotencoder_applier_component', 'component-robustscaler_applier_component', 'component-kneighborsclassifier_applier_component', 'component-data_writer_component']"
Labelpropagation Component 0,1.0,1.0,0.00010480936467859886,0.08139230008237064,40.42528030020185,1338.6723668000195,252.02584889996797,280.2801200998947,3.0075655998662114,"['component-csv_reader_component', 'component-nonstandard_column_remover_component', 'component-data_partition_component', 'component-ordinalencoder_component', 'component-minmaxscaler_component', 'component-labelpropagation_component', 'component-ordinalencoder_applier_component', 'component-minmaxscaler_applier_component', 'component-labelpropagation_applier_component', 'component-data_writer_component']"
Labelpropagation Component 1,1.0,1.0,0.000983867026888328,0.08139230008237064,40.42528030020185,1338.6723668000195,252.02584889996797,280.2801200998947,3.1482191998511553,"['component-csv_reader_component', 'component-nonstandard_column_remover_component', 'component-data_partition_component', 'component-ordinalencoder_component', 'component-quantiletransformer_component', 'component-labelpropagation_component', 'component-ordinalencoder_applier_component', 'component-quantiletransformer_applier_component', 'component-labelpropagation_applier_component', 'component-data_writer_component']"
Labelpropagation Component 2,1.0,1.0,2.220446049250313e-16,0.08139230008237064,40.42528030020185,1338.6723668000195,252.02584889996797,280.2801200998947,3.034613100113347,"['component-csv_reader_component', 'component-nonstandard_column_remover_component', 'component-data_partition_component', 'component-onehotencoder_component', 'component-minmaxscaler_component', 'component-labelpropagation_component', 'component-onehotencoder_applier_component', 'component-minmaxscaler_applier_component', 'component-labelpropagation_applier_component', 'component-data_writer_component']"
Labelpropagation Component 3,1.0,1.0,2.220446049250313e-16,0.08139230008237064,40.42528030020185,1338.6723668000195,252.02584889996797,280.2801200998947,3.126543400110677,"['component-csv_reader_component', 'component-nonstandard_column_remover_component', 'component-data_partition_component', 'component-onehotencoder_component', 'component-quantiletransformer_component', 'component-labelpropagation_component', 'component-onehotencoder_applier_component', 'component-quantiletransformer_applier_component', 'component-labelpropagation_applier_component', 'component-data_writer_component']"
Labelpropagation Component 4,1.0,1.0,7.81165627292209e-05,0.08139230008237064,40.42528030020185,1338.6723668000195,252.02584889996797,280.2801200998947,2.9742387998849154,"['component-csv_reader_component', 'component-nonstandard_column_remover_component', 'component-data_partition_component', 'component-ordinalencoder_component', 'component-maxabsscaler_component', 'component-labelpropagation_component', 'component-ordinalencoder_applier_component', 'component-maxabsscaler_applier_component', 'component-labelpropagation_applier_component', 'component-data_writer_component']"
Labelpropagation Component 5,0.688,0.6373732856290997,0.620676409719744,0.08139230008237064,40.42528030020185,1338.6723668000195,252.02584889996797,280.2801200998947,3.1536189999897033,"['component-csv_reader_component', 'component-nonstandard_column_remover_component', 'component-data_partition_component', 'component-ordinalencoder_component', 'component-normalizer_component', 'component-labelpropagation_component', 'component-ordinalencoder_applier_component', 'component-normalizer_applier_component', 'component-labelpropagation_applier_component', 'component-data_writer_component']"
Labelpropagation Component 6,1.0,1.0,2.220446049250313e-16,0.08139230008237064,40.42528030020185,1338.6723668000195,252.02584889996797,280.2801200998947,3.1528735000174493,"['component-csv_reader_component', 'component-nonstandard_column_remover_component', 'component-data_partition_component', 'component-onehotencoder_component', 'component-maxabsscaler_component', 'component-labelpropagation_component', 'component-onehotencoder_applier_component', 'component-maxabsscaler_applier_component', 'component-labelpropagation_applier_component', 'component-data_writer_component']"
Labelpropagation Component 7,0.748,0.7680162974280621,0.5645194769659254,0.08139230008237064,40.42528030020185,1338.6723668000195,252.02584889996797,280.2801200998947,3.0041682000737637,"['component-csv_reader_component', 'component-nonstandard_column_remover_component', 'component-data_partition_component', 'component-onehotencoder_component', 'component-normalizer_component', 'component-labelpropagation_component', 'component-onehotencoder_applier_component', 'component-normalizer_applier_component', 'component-labelpropagation_applier_component', 'component-data_writer_component']"
Labelpropagation Component 8,1.0,1.0,5.601678503645975e-10,0.08139230008237064,40.42528030020185,1338.6723668000195,252.02584889996797,280.2801200998947,3.2195798999164253,"['component-csv_reader_component', 'component-nonstandard_column_remover_component', 'component-data_partition_component', 'component-ordinalencoder_component', 'component-robustscaler_component', 'component-labelpropagation_component', 'component-ordinalencoder_applier_component', 'component-robustscaler_applier_component', 'component-labelpropagation_applier_component', 'component-data_writer_component']"
Labelpropagation Component 9,1.0,1.0,2.220446049250313e-16,0.08139230008237064,40.42528030020185,1338.6723668000195,252.02584889996797,280.2801200998947,2.9677834999747574,"['component-csv_reader_component', 'component-nonstandard_column_remover_component', 'component-data_partition_component', 'component-onehotencoder_component', 'component-robustscaler_component', 'component-labelpropagation_component', 'component-onehotencoder_applier_component', 'component-robustscaler_applier_component', 'component-labelpropagation_applier_component', 'component-data_writer_component']"
Labelspreading Component 0,1.0,1.0,0.033524844556297444,0.08139230008237064,40.42528030020185,1338.6723668000195,252.02584889996797,280.2801200998947,3.1074993999209255,"['component-csv_reader_component', 'component-nonstandard_column_remover_component', 'component-data_partition_component', 'component-ordinalencoder_component', 'component-minmaxscaler_component', 'component-labelspreading_component', 'component-ordinalencoder_applier_component', 'component-minmaxscaler_applier_component', 'component-labelspreading_applier_component', 'component-data_writer_component']"
Labelspreading Component 1,1.0,1.0,0.0430877107003207,0.08139230008237064,40.42528030020185,1338.6723668000195,252.02584889996797,280.2801200998947,2.9859784999862313,"['component-csv_reader_component', 'component-nonstandard_column_remover_component', 'component-data_partition_component', 'component-ordinalencoder_component', 'component-quantiletransformer_component', 'component-labelspreading_component', 'component-ordinalencoder_applier_component', 'component-quantiletransformer_applier_component', 'component-labelspreading_applier_component', 'component-data_writer_component']"
Labelspreading Component 2,1.0,1.0,0.028823798105718057,0.08139230008237064,40.42528030020185,1338.6723668000195,252.02584889996797,280.2801200998947,3.2038468001410365,"['component-csv_reader_component', 'component-nonstandard_column_remover_component', 'component-data_partition_component', 'component-onehotencoder_component', 'component-minmaxscaler_component', 'component-labelspreading_component', 'component-onehotencoder_applier_component', 'component-minmaxscaler_applier_component', 'component-labelspreading_applier_component', 'component-data_writer_component']"
Labelspreading Component 3,1.0,1.0,0.031635620275797444,0.08139230008237064,40.42528030020185,1338.6723668000195,252.02584889996797,280.2801200998947,3.06788960006088,"['component-csv_reader_component', 'component-nonstandard_column_remover_component', 'component-data_partition_component', 'component-onehotencoder_component', 'component-quantiletransformer_component', 'component-labelspreading_component', 'component-onehotencoder_applier_component', 'component-quantiletransformer_applier_component', 'component-labelspreading_applier_component', 'component-data_writer_component']"
Labelspreading Component 4,1.0,1.0,0.03929910364879134,0.08139230008237064,40.42528030020185,1338.6723668000195,252.02584889996797,280.2801200998947,3.00108139985241,"['component-csv_reader_component', 'component-nonstandard_column_remover_component', 'component-data_partition_component', 'component-ordinalencoder_component', 'component-maxabsscaler_component', 'component-labelspreading_component', 'component-ordinalencoder_applier_component', 'component-maxabsscaler_applier_component', 'component-labelspreading_applier_component', 'component-data_writer_component']"
Labelspreading Component 5,0.7,0.6110476190476191,0.6108603307274637,0.08139230008237064,40.42528030020185,1338.6723668000195,252.02584889996797,280.2801200998947,3.0360776998568326,"['component-csv_reader_component', 'component-nonstandard_column_remover_component', 'component-data_partition_component', 'component-ordinalencoder_component', 'component-normalizer_component', 'component-labelspreading_component', 'component-ordinalencoder_applier_component', 'component-normalizer_applier_component', 'component-labelspreading_applier_component', 'component-data_writer_component']"
Labelspreading Component 6,1.0,1.0,0.027322056920770783,0.08139230008237064,40.42528030020185,1338.6723668000195,252.02584889996797,280.2801200998947,2.9479050000663847,"['component-csv_reader_component', 'component-nonstandard_column_remover_component', 'component-data_partition_component', 'component-onehotencoder_component', 'component-maxabsscaler_component', 'component-labelspreading_component', 'component-onehotencoder_applier_component', 'component-maxabsscaler_applier_component', 'component-labelspreading_applier_component', 'component-data_writer_component']"
Labelspreading Component 7,0.668,0.7738258422913209,0.6355843090053198,0.08139230008237064,40.42528030020185,1338.6723668000195,252.02584889996797,280.2801200998947,3.1032136001158506,"['component-csv_reader_component', 'component-nonstandard_column_remover_component', 'component-data_partition_component', 'component-onehotencoder_component', 'component-normalizer_component', 'component-labelspreading_component', 'component-onehotencoder_applier_component', 'component-normalizer_applier_component', 'component-labelspreading_applier_component', 'component-data_writer_component']"
Labelspreading Component 8,1.0,1.0,0.029082080058491257,0.08139230008237064,40.42528030020185,1338.6723668000195,252.02584889996797,280.2801200998947,3.0143556999973953,"['component-csv_reader_component', 'component-nonstandard_column_remover_component', 'component-data_partition_component', 'component-ordinalencoder_component', 'component-robustscaler_component', 'component-labelspreading_component', 'component-ordinalencoder_applier_component', 'component-robustscaler_applier_component', 'component-labelspreading_applier_component', 'component-data_writer_component']"
Labelspreading Component 9,1.0,1.0,0.028088242490863766,0.08139230008237064,40.42528030020185,1338.6723668000195,252.02584889996797,280.2801200998947,3.288424000144005,"['component-csv_reader_component', 'component-nonstandard_column_remover_component', 'component-data_partition_component', 'component-onehotencoder_component', 'component-robustscaler_component', 'component-labelspreading_component', 'component-onehotencoder_applier_component', 'component-robustscaler_applier_component', 'component-labelspreading_applier_component', 'component-data_writer_component']"
Lineardiscriminantanalysis Component 0,0.764,0.807038077403246,0.4702231704090001,0.08139230008237064,40.42528030020185,1338.6723668000195,252.02584889996797,280.2801200998947,3.052998899947852,"['component-csv_reader_component', 'component-nonstandard_column_remover_component', 'component-data_partition_component', 'component-ordinalencoder_component', 'component-minmaxscaler_component', 'component-lineardiscriminantanalysis_component', 'component-ordinalencoder_applier_component', 'component-minmaxscaler_applier_component', 'component-lineardiscriminantanalysis_applier_component', 'component-data_writer_component']"
Lineardiscriminantanalysis Component 1,0.784,0.7420212765957447,0.4869996292474936,0.08139230008237064,40.42528030020185,1338.6723668000195,252.02584889996797,280.2801200998947,2.977858299855143,"['component-csv_reader_component', 'component-nonstandard_column_remover_component', 'component-data_partition_component', 'component-ordinalencoder_component', 'component-quantiletransformer_component', 'component-lineardiscriminantanalysis_component', 'component-ordinalencoder_applier_component', 'component-quantiletransformer_applier_component', 'component-lineardiscriminantanalysis_applier_component', 'component-data_writer_component']"
Lineardiscriminantanalysis Component 2,0.76,0.806023720349563,0.46882136954343734,0.08139230008237064,40.42528030020185,1338.6723668000195,252.02584889996797,280.2801200998947,2.993467199848965,"['component-csv_reader_component', 'component-nonstandard_column_remover_component', 'component-data_partition_component', 'component-ordinalencoder_component', 'component-maxabsscaler_component', 'component-lineardiscriminantanalysis_component', 'component-ordinalencoder_applier_component', 'component-maxabsscaler_applier_component', 'component-lineardiscriminantanalysis_applier_component', 'component-data_writer_component']"
Lineardiscriminantanalysis Component 3,0.724,0.7883633133466577,0.5144249939688862,0.08139230008237064,40.42528030020185,1338.6723668000195,252.02584889996797,280.2801200998947,2.907570800045505,"['component-csv_reader_component', 'component-nonstandard_column_remover_component', 'component-data_partition_component', 'component-ordinalencoder_component', 'component-normalizer_component', 'component-lineardiscriminantanalysis_component', 'component-ordinalencoder_applier_component', 'component-normalizer_applier_component', 'component-lineardiscriminantanalysis_applier_component', 'component-data_writer_component']"
Lineardiscriminantanalysis Component 4,0.836,0.9019047619047619,0.3435191641044108,0.08139230008237064,40.42528030020185,1338.6723668000195,252.02584889996797,280.2801200998947,3.2202755000907928,"['component-csv_reader_component', 'component-nonstandard_column_remover_component', 'component-data_partition_component', 'component-onehotencoder_component', 'component-maxabsscaler_component', 'component-lineardiscriminantanalysis_component', 'component-onehotencoder_applier_component', 'component-maxabsscaler_applier_component', 'component-lineardiscriminantanalysis_applier_component', 'component-data_writer_component']"
Lineardiscriminantanalysis Component 5,0.82,0.8888235294117647,0.3873782504976651,0.08139230008237064,40.42528030020185,1338.6723668000195,252.02584889996797,280.2801200998947,3.202215100172907,"['component-csv_reader_component', 'component-nonstandard_column_remover_component', 'component-data_partition_component', 'component-onehotencoder_component', 'component-normalizer_component', 'component-lineardiscriminantanalysis_component', 'component-onehotencoder_applier_component', 'component-normalizer_applier_component', 'component-lineardiscriminantanalysis_applier_component', 'component-data_writer_component']"
Lineardiscriminantanalysis Component 6,0.772,0.7830478345184227,0.4893560914700306,0.08139230008237064,40.42528030020185,1338.6723668000195,252.02584889996797,280.2801200998947,3.1909129000268877,"['component-csv_reader_component', 'component-nonstandard_column_remover_component', 'component-data_partition_component', 'component-ordinalencoder_component', 'component-robustscaler_component', 'component-lineardiscriminantanalysis_component', 'component-ordinalencoder_applier_component', 'component-robustscaler_applier_component', 'component-lineardiscriminantanalysis_applier_component', 'component-data_writer_component']"
Lineardiscriminantanalysis Component 7,0.844,0.8822094578645056,0.3703419920316887,0.08139230008237064,40.42528030020185,1338.6723668000195,252.02584889996797,280.2801200998947,3.1847008001059294,"['component-csv_reader_component', 'component-nonstandard_column_remover_component', 'component-data_partition_component', 'component-onehotencoder_component', 'component-robustscaler_component', 'component-lineardiscriminantanalysis_component', 'component-onehotencoder_applier_component', 'component-robustscaler_applier_component', 'component-lineardiscriminantanalysis_applier_component', 'component-data_writer_component']"
Linearsvc Component 0,0.756,-1,-1,0.08139230008237064,40.42528030020185,1338.6723668000195,252.02584889996797,280.2801200998947,2.8990062000229955,"['component-csv_reader_component', 'component-nonstandard_column_remover_component', 'component-data_partition_component', 'component-ordinalencoder_component', 'component-minmaxscaler_component', 'component-linearsvc_component', 'component-ordinalencoder_applier_component', 'component-minmaxscaler_applier_component', 'component-linearsvc_applier_component', 'component-data_writer_component']"
Linearsvc Component 1,0.748,-1,-1,0.08139230008237064,40.42528030020185,1338.6723668000195,252.02584889996797,280.2801200998947,3.1095090999733657,"['component-csv_reader_component', 'component-nonstandard_column_remover_component', 'component-data_partition_component', 'component-ordinalencoder_component', 'component-quantiletransformer_component', 'component-linearsvc_component', 'component-ordinalencoder_applier_component', 'component-quantiletransformer_applier_component', 'component-linearsvc_applier_component', 'component-data_writer_component']"
Linearsvc Component 2,0.712,-1,-1,0.08139230008237064,40.42528030020185,1338.6723668000195,252.02584889996797,280.2801200998947,2.9933440000750124,"['component-csv_reader_component', 'component-nonstandard_column_remover_component', 'component-data_partition_component', 'component-ordinalencoder_component', 'component-maxabsscaler_component', 'component-linearsvc_component', 'component-ordinalencoder_applier_component', 'component-maxabsscaler_applier_component', 'component-linearsvc_applier_component', 'component-data_writer_component']"
Linearsvc Component 3,0.704,-1,-1,0.08139230008237064,40.42528030020185,1338.6723668000195,252.02584889996797,280.2801200998947,3.0167793999426067,"['component-csv_reader_component', 'component-nonstandard_column_remover_component', 'component-data_partition_component', 'component-ordinalencoder_component', 'component-normalizer_component', 'component-linearsvc_component', 'component-ordinalencoder_applier_component', 'component-normalizer_applier_component', 'component-linearsvc_applier_component', 'component-data_writer_component']"
Linearsvc Component 4,0.712,-1,-1,0.08139230008237064,40.42528030020185,1338.6723668000195,252.02584889996797,280.2801200998947,3.159718899987638,"['component-csv_reader_component', 'component-nonstandard_column_remover_component', 'component-data_partition_component', 'component-ordinalencoder_component', 'component-robustscaler_component', 'component-linearsvc_component', 'component-ordinalencoder_applier_component', 'component-robustscaler_applier_component', 'component-linearsvc_applier_component', 'component-data_writer_component']"
Linearsvc Component 5,0.812,-1,-1,0.08139230008237064,40.42528030020185,1338.6723668000195,252.02584889996797,280.2801200998947,2.9844397001434118,"['component-csv_reader_component', 'component-nonstandard_column_remover_component', 'component-data_partition_component', 'component-onehotencoder_component', 'component-linearsvc_component', 'component-onehotencoder_applier_component', 'component-linearsvc_applier_component', 'component-data_writer_component']"
Logisticregression Component 0,0.728,0.774299344066786,0.5196568630008018,0.08139230008237064,40.42528030020185,1338.6723668000195,252.02584889996797,280.2801200998947,3.106770799960941,"['component-csv_reader_component', 'component-nonstandard_column_remover_component', 'component-data_partition_component', 'component-ordinalencoder_component', 'component-minmaxscaler_component', 'component-logisticregression_component', 'component-ordinalencoder_applier_component', 'component-minmaxscaler_applier_component', 'component-logisticregression_applier_component', 'component-data_writer_component']"
Logisticregression Component 1,0.736,0.7985974139820293,0.5064791051671038,0.08139230008237064,40.42528030020185,1338.6723668000195,252.02584889996797,280.2801200998947,3.188375699799508,"['component-csv_reader_component', 'component-nonstandard_column_remover_component', 'component-data_partition_component', 'component-ordinalencoder_component', 'component-quantiletransformer_component', 'component-logisticregression_component', 'component-ordinalencoder_applier_component', 'component-quantiletransformer_applier_component', 'component-logisticregression_applier_component', 'component-data_writer_component']"
Logisticregression Component 2,0.84,0.8997277676950998,0.37429112596326203,0.08139230008237064,40.42528030020185,1338.6723668000195,252.02584889996797,280.2801200998947,2.951397999888286,"['component-csv_reader_component', 'component-nonstandard_column_remover_component', 'component-data_partition_component', 'component-onehotencoder_component', 'component-minmaxscaler_component', 'component-logisticregression_component', 'component-onehotencoder_applier_component', 'component-minmaxscaler_applier_component', 'component-logisticregression_applier_component', 'component-data_writer_component']"
Logisticregression Component 3,0.844,0.8955212234706617,0.37417880087731614,0.08139230008237064,40.42528030020185,1338.6723668000195,252.02584889996797,280.2801200998947,3.228213099995628,"['component-csv_reader_component', 'component-nonstandard_column_remover_component', 'component-data_partition_component', 'component-onehotencoder_component', 'component-quantiletransformer_component', 'component-logisticregression_component', 'component-onehotencoder_applier_component', 'component-quantiletransformer_applier_component', 'component-logisticregression_applier_component', 'component-data_writer_component']"
Logisticregression Component 4,0.756,0.802145888381776,0.47188112813783045,0.08139230008237064,40.42528030020185,1338.6723668000195,252.02584889996797,280.2801200998947,3.1937299999408424,"['component-csv_reader_component', 'component-nonstandard_column_remover_component', 'component-data_partition_component', 'component-ordinalencoder_component', 'component-maxabsscaler_component', 'component-logisticregression_component', 'component-ordinalencoder_applier_component', 'component-maxabsscaler_applier_component', 'component-logisticregression_applier_component', 'component-data_writer_component']"
Logisticregression Component 5,0.716,0.6409630970178612,0.5966712343338584,0.08139230008237064,40.42528030020185,1338.6723668000195,252.02584889996797,280.2801200998947,3.193294799886644,"['component-csv_reader_component', 'component-nonstandard_column_remover_component', 'component-data_partition_component', 'component-ordinalencoder_component', 'component-normalizer_component', 'component-logisticregression_component', 'component-ordinalencoder_applier_component', 'component-normalizer_applier_component', 'component-logisticregression_applier_component', 'component-data_writer_component']"
Logisticregression Component 6,0.808,0.8683575883575884,0.392248216621593,0.08139230008237064,40.42528030020185,1338.6723668000195,252.02584889996797,280.2801200998947,3.112128800014034,"['component-csv_reader_component', 'component-nonstandard_column_remover_component', 'component-data_partition_component', 'component-onehotencoder_component', 'component-maxabsscaler_component', 'component-logisticregression_component', 'component-onehotencoder_applier_component', 'component-maxabsscaler_applier_component', 'component-logisticregression_applier_component', 'component-data_writer_component']"
Logisticregression Component 7,0.696,0.7282214156079855,0.6142093808097853,0.08139230008237064,40.42528030020185,1338.6723668000195,252.02584889996797,280.2801200998947,3.0696335998363793,"['component-csv_reader_component', 'component-nonstandard_column_remover_component', 'component-data_partition_component', 'component-onehotencoder_component', 'component-normalizer_component', 'component-logisticregression_component', 'component-onehotencoder_applier_component', 'component-normalizer_applier_component', 'component-logisticregression_applier_component', 'component-data_writer_component']"
Logisticregression Component 8,0.768,0.7303427419354838,0.5008301919245074,0.08139230008237064,40.42528030020185,1338.6723668000195,252.02584889996797,280.2801200998947,3.089762199902907,"['component-csv_reader_component', 'component-nonstandard_column_remover_component', 'component-data_partition_component', 'component-ordinalencoder_component', 'component-robustscaler_component', 'component-logisticregression_component', 'component-ordinalencoder_applier_component', 'component-robustscaler_applier_component', 'component-logisticregression_applier_component', 'component-data_writer_component']"
Logisticregression Component 9,0.796,0.8781746031746033,0.3904839812895676,0.08139230008237064,40.42528030020185,1338.6723668000195,252.02584889996797,280.2801200998947,3.0440352999139577,"['component-csv_reader_component', 'component-nonstandard_column_remover_component', 'component-data_partition_component', 'component-onehotencoder_component', 'component-robustscaler_component', 'component-logisticregression_component', 'component-onehotencoder_applier_component', 'component-robustscaler_applier_component', 'component-logisticregression_applier_component', 'component-data_writer_component']"
Logisticregressioncv Component 0,0.74,0.7725396825396826,0.5031317088778199,0.08139230008237064,40.42528030020185,1338.6723668000195,252.02584889996797,280.2801200998947,3.4300724000204355,"['component-csv_reader_component', 'component-nonstandard_column_remover_component', 'component-data_partition_component', 'component-ordinalencoder_component', 'component-minmaxscaler_component', 'component-logisticregressioncv_component', 'component-ordinalencoder_applier_component', 'component-minmaxscaler_applier_component', 'component-logisticregressioncv_applier_component', 'component-data_writer_component']"
Logisticregressioncv Component 1,0.744,0.7585326213141399,0.5217915953544588,0.08139230008237064,40.42528030020185,1338.6723668000195,252.02584889996797,280.2801200998947,3.2354566000867635,"['component-csv_reader_component', 'component-nonstandard_column_remover_component', 'component-data_partition_component', 'component-ordinalencoder_component', 'component-quantiletransformer_component', 'component-logisticregressioncv_component', 'component-ordinalencoder_applier_component', 'component-quantiletransformer_applier_component', 'component-logisticregressioncv_applier_component', 'component-data_writer_component']"
Logisticregressioncv Component 2,0.708,0.8144880427211515,0.603433026983471,0.08139230008237064,40.42528030020185,1338.6723668000195,252.02584889996797,280.2801200998947,3.2259957999922335,"['component-csv_reader_component', 'component-nonstandard_column_remover_component', 'component-data_partition_component', 'component-onehotencoder_component', 'component-minmaxscaler_component', 'component-logisticregressioncv_component', 'component-onehotencoder_applier_component', 'component-minmaxscaler_applier_component', 'component-logisticregressioncv_applier_component', 'component-data_writer_component']"
Logisticregressioncv Component 3,0.804,0.8691176470588236,0.4291775595157724,0.08139230008237064,40.42528030020185,1338.6723668000195,252.02584889996797,280.2801200998947,3.5416214000433683,"['component-csv_reader_component', 'component-nonstandard_column_remover_component', 'component-data_partition_component', 'component-onehotencoder_component', 'component-quantiletransformer_component', 'component-logisticregressioncv_component', 'component-onehotencoder_applier_component', 'component-quantiletransformer_applier_component', 'component-logisticregressioncv_applier_component', 'component-data_writer_component']"
Logisticregressioncv Component 4,0.772,0.8305317076689993,0.48230049347816034,0.08139230008237064,40.42528030020185,1338.6723668000195,252.02584889996797,280.2801200998947,3.109996800078079,"['component-csv_reader_component', 'component-nonstandard_column_remover_component', 'component-data_partition_component', 'component-ordinalencoder_component', 'component-maxabsscaler_component', 'component-logisticregressioncv_component', 'component-ordinalencoder_applier_component', 'component-maxabsscaler_applier_component', 'component-logisticregressioncv_applier_component', 'component-data_writer_component']"
Logisticregressioncv Component 5,0.72,0.6183333333333333,0.5929533175887672,0.08139230008237064,40.42528030020185,1338.6723668000195,252.02584889996797,280.2801200998947,3.063562900060788,"['component-csv_reader_component', 'component-nonstandard_column_remover_component', 'component-data_partition_component', 'component-ordinalencoder_component', 'component-normalizer_component', 'component-logisticregressioncv_component', 'component-ordinalencoder_applier_component', 'component-normalizer_applier_component', 'component-logisticregressioncv_applier_component', 'component-data_writer_component']"
Logisticregressioncv Component 6,0.832,0.9086134453781514,0.3652180653290741,0.08139230008237064,40.42528030020185,1338.6723668000195,252.02584889996797,280.2801200998947,3.7125123001169413,"['component-csv_reader_component', 'component-nonstandard_column_remover_component', 'component-data_partition_component', 'component-onehotencoder_component', 'component-maxabsscaler_component', 'component-logisticregressioncv_component', 'component-onehotencoder_applier_component', 'component-maxabsscaler_applier_component', 'component-logisticregressioncv_applier_component', 'component-data_writer_component']"
Logisticregressioncv Component 7,0.712,0.6992041198501872,0.6003511876269023,0.08139230008237064,40.42528030020185,1338.6723668000195,252.02584889996797,280.2801200998947,3.3458112000953406,"['component-csv_reader_component', 'component-nonstandard_column_remover_component', 'component-data_partition_component', 'component-onehotencoder_component', 'component-normalizer_component', 'component-logisticregressioncv_component', 'component-onehotencoder_applier_component', 'component-normalizer_applier_component', 'component-logisticregressioncv_applier_component', 'component-data_writer_component']"
Logisticregressioncv Component 8,0.724,0.7411191084281402,0.5460508561914789,0.08139230008237064,40.42528030020185,1338.6723668000195,252.02584889996797,280.2801200998947,3.234104299917817,"['component-csv_reader_component', 'component-nonstandard_column_remover_component', 'component-data_partition_component', 'component-ordinalencoder_component', 'component-robustscaler_component', 'component-logisticregressioncv_component', 'component-ordinalencoder_applier_component', 'component-robustscaler_applier_component', 'component-logisticregressioncv_applier_component', 'component-data_writer_component']"
Logisticregressioncv Component 9,0.84,0.8816344659116144,0.4120208163111622,0.08139230008237064,40.42528030020185,1338.6723668000195,252.02584889996797,280.2801200998947,3.106835199985653,"['component-csv_reader_component', 'component-nonstandard_column_remover_component', 'component-data_partition_component', 'component-onehotencoder_component', 'component-robustscaler_component', 'component-logisticregressioncv_component', 'component-onehotencoder_applier_component', 'component-robustscaler_applier_component', 'component-logisticregressioncv_applier_component', 'component-data_writer_component']"
Mlpclassifier Component 0,0.82,0.881633870005963,0.4142258211134013,0.08139230008237064,40.42528030020185,1338.6723668000195,252.02584889996797,280.2801200998947,3.2496980000287294,"['component-csv_reader_component', 'component-nonstandard_column_remover_component', 'component-data_partition_component', 'component-ordinalencoder_component', 'component-minmaxscaler_component', 'component-mlpclassifier_component', 'component-ordinalencoder_applier_component', 'component-minmaxscaler_applier_component', 'component-mlpclassifier_applier_component', 'component-data_writer_component']"
Mlpclassifier Component 1,0.836,0.9027460854512551,0.3804629273270436,0.08139230008237064,40.42528030020185,1338.6723668000195,252.02584889996797,280.2801200998947,3.1784243998117745,"['component-csv_reader_component', 'component-nonstandard_column_remover_component', 'component-data_partition_component', 'component-ordinalencoder_component', 'component-quantiletransformer_component', 'component-mlpclassifier_component', 'component-ordinalencoder_applier_component', 'component-quantiletransformer_applier_component', 'component-mlpclassifier_applier_component', 'component-data_writer_component']"
Mlpclassifier Component 2,0.828,0.9015088957285488,0.383403778050255,0.08139230008237064,40.42528030020185,1338.6723668000195,252.02584889996797,280.2801200998947,3.2106459999922663,"['component-csv_reader_component', 'component-nonstandard_column_remover_component', 'component-data_partition_component', 'component-ordinalencoder_component', 'component-maxabsscaler_component', 'component-mlpclassifier_component', 'component-ordinalencoder_applier_component', 'component-maxabsscaler_applier_component', 'component-mlpclassifier_applier_component', 'component-data_writer_component']"
Mlpclassifier Component 3,0.648,0.60753367003367,0.6485912538610026,0.08139230008237064,40.42528030020185,1338.6723668000195,252.02584889996797,280.2801200998947,3.190869100159034,"['component-csv_reader_component', 'component-nonstandard_column_remover_component', 'component-data_partition_component', 'component-ordinalencoder_component', 'component-normalizer_component', 'component-mlpclassifier_component', 'component-ordinalencoder_applier_component', 'component-normalizer_applier_component', 'component-mlpclassifier_applier_component', 'component-data_writer_component']"
Mlpclassifier Component 4,0.912,0.9609800362976406,0.2822350482320269,0.08139230008237064,40.42528030020185,1338.6723668000195,252.02584889996797,280.2801200998947,3.5410886998288333,"['component-csv_reader_component', 'component-nonstandard_column_remover_component', 'component-data_partition_component', 'component-ordinalencoder_component', 'component-robustscaler_component', 'component-mlpclassifier_component', 'component-ordinalencoder_applier_component', 'component-robustscaler_applier_component', 'component-mlpclassifier_applier_component', 'component-data_writer_component']"
Mlpclassifier Component 5,0.716,0.6618931465890313,0.648656679573802,0.08139230008237064,40.42528030020185,1338.6723668000195,252.02584889996797,280.2801200998947,3.3576156001072377,"['component-csv_reader_component', 'component-nonstandard_column_remover_component', 'component-data_partition_component', 'component-onehotencoder_component', 'component-mlpclassifier_component', 'component-onehotencoder_applier_component', 'component-mlpclassifier_applier_component', 'component-data_writer_component']"
Multinomialnb Component 0,0.584,0.6127946127946128,0.853488780752742,0.08139230008237064,40.42528030020185,1338.6723668000195,252.02584889996797,280.2801200998947,3.325445899972692,"['component-csv_reader_component', 'component-nonstandard_column_remover_component', 'component-data_partition_component', 'component-ordinalencoder_component', 'component-minmaxscaler_component', 'component-multinomialnb_component', 'component-ordinalencoder_applier_component', 'component-minmaxscaler_applier_component', 'component-multinomialnb_applier_component', 'component-data_writer_component']"
Multinomialnb Component 1,0.652,0.6150028360748725,0.996177349848757,0.08139230008237064,40.42528030020185,1338.6723668000195,252.02584889996797,280.2801200998947,2.896556899882853,"['component-csv_reader_component', 'component-nonstandard_column_remover_component', 'component-data_partition_component', 'component-ordinalencoder_component', 'component-quantiletransformer_component', 'component-multinomialnb_component', 'component-ordinalencoder_applier_component', 'component-quantiletransformer_applier_component', 'component-multinomialnb_applier_component', 'component-data_writer_component']"
Multinomialnb Component 2,0.696,0.7590766308715026,1.0253427517147145,0.08139230008237064,40.42528030020185,1338.6723668000195,252.02584889996797,280.2801200998947,3.0612526000477374,"['component-csv_reader_component', 'component-nonstandard_column_remover_component', 'component-data_partition_component', 'component-onehotencoder_component', 'component-multinomialnb_component', 'component-onehotencoder_applier_component', 'component-multinomialnb_applier_component', 'component-data_writer_component']"
Nearestcentroid Component 0,0.624,0.7687465575576363,0.6336625508739518,0.08139230008237064,40.42528030020185,1338.6723668000195,252.02584889996797,280.2801200998947,3.1670337999239564,"['component-csv_reader_component', 'component-nonstandard_column_remover_component', 'component-data_partition_component', 'component-ordinalencoder_component', 'component-minmaxscaler_component', 'component-nearestcentroid_component', 'component-ordinalencoder_applier_component', 'component-minmaxscaler_applier_component', 'component-nearestcentroid_applier_component', 'component-data_writer_component']"
Nearestcentroid Component 1,0.7,0.7513066202090593,0.7140895573322521,0.08139230008237064,40.42528030020185,1338.6723668000195,252.02584889996797,280.2801200998947,3.3914359000045806,"['component-csv_reader_component', 'component-nonstandard_column_remover_component', 'component-data_partition_component', 'component-ordinalencoder_component', 'component-quantiletransformer_component', 'component-nearestcentroid_component', 'component-ordinalencoder_applier_component', 'component-quantiletransformer_applier_component', 'component-nearestcentroid_applier_component', 'component-data_writer_component']"
Nearestcentroid Component 2,0.752,0.8640917905623788,0.7963894801072994,0.08139230008237064,40.42528030020185,1338.6723668000195,252.02584889996797,280.2801200998947,3.141936199972406,"['component-csv_reader_component', 'component-nonstandard_column_remover_component', 'component-data_partition_component', 'component-onehotencoder_component', 'component-minmaxscaler_component', 'component-nearestcentroid_component', 'component-onehotencoder_applier_component', 'component-minmaxscaler_applier_component', 'component-nearestcentroid_applier_component', 'component-data_writer_component']"
Nearestcentroid Component 3,0.74,0.8458323659159508,0.9575192329066153,0.08139230008237064,40.42528030020185,1338.6723668000195,252.02584889996797,280.2801200998947,3.0102538999635726,"['component-csv_reader_component', 'component-nonstandard_column_remover_component', 'component-data_partition_component', 'component-onehotencoder_component', 'component-quantiletransformer_component', 'component-nearestcentroid_component', 'component-onehotencoder_applier_component', 'component-quantiletransformer_applier_component', 'component-nearestcentroid_applier_component', 'component-data_writer_component']"
Nearestcentroid Component 4,0.7,0.7971286342976697,0.6343222587615917,0.08139230008237064,40.42528030020185,1338.6723668000195,252.02584889996797,280.2801200998947,3.0741038001142442,"['component-csv_reader_component', 'component-nonstandard_column_remover_component', 'component-data_partition_component', 'component-ordinalencoder_component', 'component-maxabsscaler_component', 'component-nearestcentroid_component', 'component-ordinalencoder_applier_component', 'component-maxabsscaler_applier_component', 'component-nearestcentroid_applier_component', 'component-data_writer_component']"
Nearestcentroid Component 5,0.5,0.6206140350877194,1.1681314918744354,0.08139230008237064,40.42528030020185,1338.6723668000195,252.02584889996797,280.2801200998947,3.4124334999360144,"['component-csv_reader_component', 'component-nonstandard_column_remover_component', 'component-data_partition_component', 'component-ordinalencoder_component', 'component-normalizer_component', 'component-nearestcentroid_component', 'component-ordinalencoder_applier_component', 'component-normalizer_applier_component', 'component-nearestcentroid_applier_component', 'component-data_writer_component']"
Nearestcentroid Component 6,0.692,0.8093650793650794,0.8441173165783575,0.08139230008237064,40.42528030020185,1338.6723668000195,252.02584889996797,280.2801200998947,2.9478209000080824,"['component-csv_reader_component', 'component-nonstandard_column_remover_component', 'component-data_partition_component', 'component-onehotencoder_component', 'component-maxabsscaler_component', 'component-nearestcentroid_component', 'component-onehotencoder_applier_component', 'component-maxabsscaler_applier_component', 'component-nearestcentroid_applier_component', 'component-data_writer_component']"
Nearestcentroid Component 7,0.56,0.8062277734408881,1.0026074848665079,0.08139230008237064,40.42528030020185,1338.6723668000195,252.02584889996797,280.2801200998947,3.205764199839905,"['component-csv_reader_component', 'component-nonstandard_column_remover_component', 'component-data_partition_component', 'component-onehotencoder_component', 'component-normalizer_component', 'component-nearestcentroid_component', 'component-onehotencoder_applier_component', 'component-normalizer_applier_component', 'component-nearestcentroid_applier_component', 'component-data_writer_component']"
Nearestcentroid Component 8,0.696,0.7804806779165754,0.6449139612148942,0.08139230008237064,40.42528030020185,1338.6723668000195,252.02584889996797,280.2801200998947,3.038289000047371,"['component-csv_reader_component', 'component-nonstandard_column_remover_component', 'component-data_partition_component', 'component-ordinalencoder_component', 'component-robustscaler_component', 'component-nearestcentroid_component', 'component-ordinalencoder_applier_component', 'component-robustscaler_applier_component', 'component-nearestcentroid_applier_component', 'component-data_writer_component']"
Nearestcentroid Component 9,0.712,0.8242453358955881,0.9116014486756978,0.08139230008237064,40.42528030020185,1338.6723668000195,252.02584889996797,280.2801200998947,3.183451100019738,"['component-csv_reader_component', 'component-nonstandard_column_remover_component', 'component-data_partition_component', 'component-onehotencoder_component', 'component-robustscaler_component', 'component-nearestcentroid_component', 'component-onehotencoder_applier_component', 'component-robustscaler_applier_component', 'component-nearestcentroid_applier_component', 'component-data_writer_component']"
Nusvc Component 0,0.952,-1,-1,0.08139230008237064,40.42528030020185,1338.6723668000195,252.02584889996797,280.2801200998947,3.0671113000717014,"['component-csv_reader_component', 'component-nonstandard_column_remover_component', 'component-data_partition_component', 'component-ordinalencoder_component', 'component-minmaxscaler_component', 'component-nusvc_component', 'component-ordinalencoder_applier_component', 'component-minmaxscaler_applier_component', 'component-nusvc_applier_component', 'component-data_writer_component']"
Nusvc Component 1,0.92,-1,-1,0.08139230008237064,40.42528030020185,1338.6723668000195,252.02584889996797,280.2801200998947,3.0312738998327404,"['component-csv_reader_component', 'component-nonstandard_column_remover_component', 'component-data_partition_component', 'component-ordinalencoder_component', 'component-quantiletransformer_component', 'component-nusvc_component', 'component-ordinalencoder_applier_component', 'component-quantiletransformer_applier_component', 'component-nusvc_applier_component', 'component-data_writer_component']"
Nusvc Component 2,0.964,-1,-1,0.08139230008237064,40.42528030020185,1338.6723668000195,252.02584889996797,280.2801200998947,3.0719097999390215,"['component-csv_reader_component', 'component-nonstandard_column_remover_component', 'component-data_partition_component', 'component-onehotencoder_component', 'component-minmaxscaler_component', 'component-nusvc_component', 'component-onehotencoder_applier_component', 'component-minmaxscaler_applier_component', 'component-nusvc_applier_component', 'component-data_writer_component']"
Nusvc Component 3,0.956,-1,-1,0.08139230008237064,40.42528030020185,1338.6723668000195,252.02584889996797,280.2801200998947,2.938465599901974,"['component-csv_reader_component', 'component-nonstandard_column_remover_component', 'component-data_partition_component', 'component-onehotencoder_component', 'component-quantiletransformer_component', 'component-nusvc_component', 'component-onehotencoder_applier_component', 'component-quantiletransformer_applier_component', 'component-nusvc_applier_component', 'component-data_writer_component']"
Nusvc Component 4,0.928,-1,-1,0.08139230008237064,40.42528030020185,1338.6723668000195,252.02584889996797,280.2801200998947,3.2175873001106083,"['component-csv_reader_component', 'component-nonstandard_column_remover_component', 'component-data_partition_component', 'component-ordinalencoder_component', 'component-maxabsscaler_component', 'component-nusvc_component', 'component-ordinalencoder_applier_component', 'component-maxabsscaler_applier_component', 'component-nusvc_applier_component', 'component-data_writer_component']"
Nusvc Component 5,0.324,-1,-1,0.08139230008237064,40.42528030020185,1338.6723668000195,252.02584889996797,280.2801200998947,3.236314699985087,"['component-csv_reader_component', 'component-nonstandard_column_remover_component', 'component-data_partition_component', 'component-ordinalencoder_component', 'component-normalizer_component', 'component-nusvc_component', 'component-ordinalencoder_applier_component', 'component-normalizer_applier_component', 'component-nusvc_applier_component', 'component-data_writer_component']"
Nusvc Component 6,0.96,-1,-1,0.08139230008237064,40.42528030020185,1338.6723668000195,252.02584889996797,280.2801200998947,3.056885200086981,"['component-csv_reader_component', 'component-nonstandard_column_remover_component', 'component-data_partition_component', 'component-onehotencoder_component', 'component-maxabsscaler_component', 'component-nusvc_component', 'component-onehotencoder_applier_component', 'component-maxabsscaler_applier_component', 'component-nusvc_applier_component', 'component-data_writer_component']"
Nusvc Component 7,0.336,-1,-1,0.08139230008237064,40.42528030020185,1338.6723668000195,252.02584889996797,280.2801200998947,3.1381190000101924,"['component-csv_reader_component', 'component-nonstandard_column_remover_component', 'component-data_partition_component', 'component-onehotencoder_component', 'component-normalizer_component', 'component-nusvc_component', 'component-onehotencoder_applier_component', 'component-normalizer_applier_component', 'component-nusvc_applier_component', 'component-data_writer_component']"
Nusvc Component 8,0.92,-1,-1,0.08139230008237064,40.42528030020185,1338.6723668000195,252.02584889996797,280.2801200998947,2.941918299999088,"['component-csv_reader_component', 'component-nonstandard_column_remover_component', 'component-data_partition_component', 'component-ordinalencoder_component', 'component-robustscaler_component', 'component-nusvc_component', 'component-ordinalencoder_applier_component', 'component-robustscaler_applier_component', 'component-nusvc_applier_component', 'component-data_writer_component']"
Nusvc Component 9,0.98,-1,-1,0.08139230008237064,40.42528030020185,1338.6723668000195,252.02584889996797,280.2801200998947,3.1374441999942064,"['component-csv_reader_component', 'component-nonstandard_column_remover_component', 'component-data_partition_component', 'component-onehotencoder_component', 'component-robustscaler_component', 'component-nusvc_component', 'component-onehotencoder_applier_component', 'component-robustscaler_applier_component', 'component-nusvc_applier_component', 'component-data_writer_component']"
Passiveaggressiveclassifier Component 0,0.6,-1,-1,0.08139230008237064,40.42528030020185,1338.6723668000195,252.02584889996797,280.2801200998947,3.0745870999526232,"['component-csv_reader_component', 'component-nonstandard_column_remover_component', 'component-data_partition_component', 'component-ordinalencoder_component', 'component-minmaxscaler_component', 'component-passiveaggressiveclassifier_component', 'component-ordinalencoder_applier_component', 'component-minmaxscaler_applier_component', 'component-passiveaggressiveclassifier_applier_component', 'component-data_writer_component']"
Passiveaggressiveclassifier Component 1,0.744,-1,-1,0.08139230008237064,40.42528030020185,1338.6723668000195,252.02584889996797,280.2801200998947,3.048998200101778,"['component-csv_reader_component', 'component-nonstandard_column_remover_component', 'component-data_partition_component', 'component-ordinalencoder_component', 'component-quantiletransformer_component', 'component-passiveaggressiveclassifier_component', 'component-ordinalencoder_applier_component', 'component-quantiletransformer_applier_component', 'component-passiveaggressiveclassifier_applier_component', 'component-data_writer_component']"
Passiveaggressiveclassifier Component 2,0.736,-1,-1,0.08139230008237064,40.42528030020185,1338.6723668000195,252.02584889996797,280.2801200998947,3.2056985998060554,"['component-csv_reader_component', 'component-nonstandard_column_remover_component', 'component-data_partition_component', 'component-ordinalencoder_component', 'component-maxabsscaler_component', 'component-passiveaggressiveclassifier_component', 'component-ordinalencoder_applier_component', 'component-maxabsscaler_applier_component', 'component-passiveaggressiveclassifier_applier_component', 'component-data_writer_component']"
Passiveaggressiveclassifier Component 3,0.704,-1,-1,0.08139230008237064,40.42528030020185,1338.6723668000195,252.02584889996797,280.2801200998947,3.0425894998479635,"['component-csv_reader_component', 'component-nonstandard_column_remover_component', 'component-data_partition_component', 'component-ordinalencoder_component', 'component-normalizer_component', 'component-passiveaggressiveclassifier_component', 'component-ordinalencoder_applier_component', 'component-normalizer_applier_component', 'component-passiveaggressiveclassifier_applier_component', 'component-data_writer_component']"
Passiveaggressiveclassifier Component 4,0.708,-1,-1,0.08139230008237064,40.42528030020185,1338.6723668000195,252.02584889996797,280.2801200998947,3.30166930006817,"['component-csv_reader_component', 'component-nonstandard_column_remover_component', 'component-data_partition_component', 'component-ordinalencoder_component', 'component-robustscaler_component', 'component-passiveaggressiveclassifier_component', 'component-ordinalencoder_applier_component', 'component-robustscaler_applier_component', 'component-passiveaggressiveclassifier_applier_component', 'component-data_writer_component']"
Passiveaggressiveclassifier Component 5,0.324,-1,-1,0.08139230008237064,40.42528030020185,1338.6723668000195,252.02584889996797,280.2801200998947,2.9467950998805463,"['component-csv_reader_component', 'component-nonstandard_column_remover_component', 'component-data_partition_component', 'component-onehotencoder_component', 'component-passiveaggressiveclassifier_component', 'component-onehotencoder_applier_component', 'component-passiveaggressiveclassifier_applier_component', 'component-data_writer_component']"
Quadraticdiscriminantanalysis Component 0,-1,-1,-1,0.08139230008237064,40.42528030020185,1338.6723668000195,252.02584889996797,280.2801200998947,3.023926499998197,"['component-csv_reader_component', 'component-nonstandard_column_remover_component', 'component-data_partition_component', 'component-onehotencoder_component', 'component-quadraticdiscriminantanalysis_component', 'component-onehotencoder_applier_component', 'component-quadraticdiscriminantanalysis_applier_component', 'component-data_writer_component']"
Radiusneighborsclassifier Component 0,0.868,0.9474666666666667,0.2496423339984434,0.08139230008237064,40.42528030020185,1338.6723668000195,252.02584889996797,280.2801200998947,5.493458400014788,"['component-csv_reader_component', 'component-nonstandard_column_remover_component', 'component-data_partition_component', 'component-ordinalencoder_component', 'component-minmaxscaler_component', 'component-radiusneighborsclassifier_component', 'component-ordinalencoder_applier_component', 'component-minmaxscaler_applier_component', 'component-radiusneighborsclassifier_applier_component', 'component-data_writer_component']"
Radiusneighborsclassifier Component 1,0.892,0.9751470588235295,0.16470771810931797,0.08139230008237064,40.42528030020185,1338.6723668000195,252.02584889996797,280.2801200998947,4.540755200199783,"['component-csv_reader_component', 'component-nonstandard_column_remover_component', 'component-data_partition_component', 'component-ordinalencoder_component', 'component-quantiletransformer_component', 'component-radiusneighborsclassifier_component', 'component-ordinalencoder_applier_component', 'component-quantiletransformer_applier_component', 'component-radiusneighborsclassifier_applier_component', 'component-data_writer_component']"
Radiusneighborsclassifier Component 2,1.0,1.0,2.220446049250313e-16,0.08139230008237064,40.42528030020185,1338.6723668000195,252.02584889996797,280.2801200998947,4.621746399905533,"['component-csv_reader_component', 'component-nonstandard_column_remover_component', 'component-data_partition_component', 'component-onehotencoder_component', 'component-minmaxscaler_component', 'component-radiusneighborsclassifier_component', 'component-onehotencoder_applier_component', 'component-minmaxscaler_applier_component', 'component-radiusneighborsclassifier_applier_component', 'component-data_writer_component']"
Radiusneighborsclassifier Component 3,1.0,1.0,2.220446049250313e-16,0.08139230008237064,40.42528030020185,1338.6723668000195,252.02584889996797,280.2801200998947,4.573532300069928,"['component-csv_reader_component', 'component-nonstandard_column_remover_component', 'component-data_partition_component', 'component-onehotencoder_component', 'component-quantiletransformer_component', 'component-radiusneighborsclassifier_component', 'component-onehotencoder_applier_component', 'component-quantiletransformer_applier_component', 'component-radiusneighborsclassifier_applier_component', 'component-data_writer_component']"
Radiusneighborsclassifier Component 4,0.864,0.9613767735155018,0.21089015675559716,0.08139230008237064,40.42528030020185,1338.6723668000195,252.02584889996797,280.2801200998947,4.546633299905807,"['component-csv_reader_component', 'component-nonstandard_column_remover_component', 'component-data_partition_component', 'component-ordinalencoder_component', 'component-maxabsscaler_component', 'component-radiusneighborsclassifier_component', 'component-ordinalencoder_applier_component', 'component-maxabsscaler_applier_component', 'component-radiusneighborsclassifier_applier_component', 'component-data_writer_component']"
Radiusneighborsclassifier Component 5,0.672,0.5,0.6327532106005814,0.08139230008237064,40.42528030020185,1338.6723668000195,252.02584889996797,280.2801200998947,4.392449399922043,"['component-csv_reader_component', 'component-nonstandard_column_remover_component', 'component-data_partition_component', 'component-ordinalencoder_component', 'component-normalizer_component', 'component-radiusneighborsclassifier_component', 'component-ordinalencoder_applier_component', 'component-normalizer_applier_component', 'component-radiusneighborsclassifier_applier_component', 'component-data_writer_component']"
Radiusneighborsclassifier Component 6,1.0,1.0,2.220446049250313e-16,0.08139230008237064,40.42528030020185,1338.6723668000195,252.02584889996797,280.2801200998947,4.548966400092468,"['component-csv_reader_component', 'component-nonstandard_column_remover_component', 'component-data_partition_component', 'component-onehotencoder_component', 'component-maxabsscaler_component', 'component-radiusneighborsclassifier_component', 'component-onehotencoder_applier_component', 'component-maxabsscaler_applier_component', 'component-radiusneighborsclassifier_applier_component', 'component-data_writer_component']"
Radiusneighborsclassifier Component 7,0.696,0.5,0.6142154941618896,0.08139230008237064,40.42528030020185,1338.6723668000195,252.02584889996797,280.2801200998947,4.613976099994034,"['component-csv_reader_component', 'component-nonstandard_column_remover_component', 'component-data_partition_component', 'component-onehotencoder_component', 'component-normalizer_component', 'component-radiusneighborsclassifier_component', 'component-onehotencoder_applier_component', 'component-normalizer_applier_component', 'component-radiusneighborsclassifier_applier_component', 'component-data_writer_component']"
Radiusneighborsclassifier Component 8,0.992,0.9998573975044563,0.011090354888959344,0.08139230008237064,40.42528030020185,1338.6723668000195,252.02584889996797,280.2801200998947,4.540572100086138,"['component-csv_reader_component', 'component-nonstandard_column_remover_component', 'component-data_partition_component', 'component-ordinalencoder_component', 'component-robustscaler_component', 'component-radiusneighborsclassifier_component', 'component-ordinalencoder_applier_component', 'component-robustscaler_applier_component', 'component-radiusneighborsclassifier_applier_component', 'component-data_writer_component']"
Radiusneighborsclassifier Component 9,1.0,1.0,2.220446049250313e-16,0.08139230008237064,40.42528030020185,1338.6723668000195,252.02584889996797,280.2801200998947,4.512254800181836,"['component-csv_reader_component', 'component-nonstandard_column_remover_component', 'component-data_partition_component', 'component-onehotencoder_component', 'component-robustscaler_component', 'component-radiusneighborsclassifier_component', 'component-onehotencoder_applier_component', 'component-robustscaler_applier_component', 'component-radiusneighborsclassifier_applier_component', 'component-data_writer_component']"
Randomforestclassifier Component 0,1.0,1.0,0.13718058025137714,0.08139230008237064,40.42528030020185,1338.6723668000195,252.02584889996797,280.2801200998947,3.041632500011474,"['component-csv_reader_component', 'component-nonstandard_column_remover_component', 'component-data_partition_component', 'component-ordinalencoder_component', 'component-randomforestclassifier_component', 'component-ordinalencoder_applier_component', 'component-randomforestclassifier_applier_component', 'component-data_writer_component']"
Randomforestclassifier Component 1,1.0,1.0,0.16453448694630463,0.08139230008237064,40.42528030020185,1338.6723668000195,252.02584889996797,280.2801200998947,3.2632182999514043,"['component-csv_reader_component', 'component-nonstandard_column_remover_component', 'component-data_partition_component', 'component-onehotencoder_component', 'component-randomforestclassifier_component', 'component-onehotencoder_applier_component', 'component-randomforestclassifier_applier_component', 'component-data_writer_component']"
Ridgeclassifier Component 0,0.76,-1,-1,0.08139230008237064,40.42528030020185,1338.6723668000195,252.02584889996797,280.2801200998947,3.06835879990831,"['component-csv_reader_component', 'component-nonstandard_column_remover_component', 'component-data_partition_component', 'component-ordinalencoder_component', 'component-minmaxscaler_component', 'component-ridgeclassifier_component', 'component-ordinalencoder_applier_component', 'component-minmaxscaler_applier_component', 'component-ridgeclassifier_applier_component', 'component-data_writer_component']"
Ridgeclassifier Component 1,0.704,-1,-1,0.08139230008237064,40.42528030020185,1338.6723668000195,252.02584889996797,280.2801200998947,3.2464333998505026,"['component-csv_reader_component', 'component-nonstandard_column_remover_component', 'component-data_partition_component', 'component-ordinalencoder_component', 'component-quantiletransformer_component', 'component-ridgeclassifier_component', 'component-ordinalencoder_applier_component', 'component-quantiletransformer_applier_component', 'component-ridgeclassifier_applier_component', 'component-data_writer_component']"
Ridgeclassifier Component 2,0.8,-1,-1,0.08139230008237064,40.42528030020185,1338.6723668000195,252.02584889996797,280.2801200998947,3.0417096000164747,"['component-csv_reader_component', 'component-nonstandard_column_remover_component', 'component-data_partition_component', 'component-onehotencoder_component', 'component-minmaxscaler_component', 'component-ridgeclassifier_component', 'component-onehotencoder_applier_component', 'component-minmaxscaler_applier_component', 'component-ridgeclassifier_applier_component', 'component-data_writer_component']"
Ridgeclassifier Component 3,0.812,-1,-1,0.08139230008237064,40.42528030020185,1338.6723668000195,252.02584889996797,280.2801200998947,3.0538179001305252,"['component-csv_reader_component', 'component-nonstandard_column_remover_component', 'component-data_partition_component', 'component-onehotencoder_component', 'component-quantiletransformer_component', 'component-ridgeclassifier_component', 'component-onehotencoder_applier_component', 'component-quantiletransformer_applier_component', 'component-ridgeclassifier_applier_component', 'component-data_writer_component']"
Ridgeclassifier Component 4,0.788,-1,-1,0.08139230008237064,40.42528030020185,1338.6723668000195,252.02584889996797,280.2801200998947,3.0684120000805706,"['component-csv_reader_component', 'component-nonstandard_column_remover_component', 'component-data_partition_component', 'component-ordinalencoder_component', 'component-maxabsscaler_component', 'component-ridgeclassifier_component', 'component-ordinalencoder_applier_component', 'component-maxabsscaler_applier_component', 'component-ridgeclassifier_applier_component', 'component-data_writer_component']"
Ridgeclassifier Component 5,0.68,-1,-1,0.08139230008237064,40.42528030020185,1338.6723668000195,252.02584889996797,280.2801200998947,2.982572300126776,"['component-csv_reader_component', 'component-nonstandard_column_remover_component', 'component-data_partition_component', 'component-ordinalencoder_component', 'component-normalizer_component', 'component-ridgeclassifier_component', 'component-ordinalencoder_applier_component', 'component-normalizer_applier_component', 'component-ridgeclassifier_applier_component', 'component-data_writer_component']"
Ridgeclassifier Component 6,0.88,-1,-1,0.08139230008237064,40.42528030020185,1338.6723668000195,252.02584889996797,280.2801200998947,2.929238999960944,"['component-csv_reader_component', 'component-nonstandard_column_remover_component', 'component-data_partition_component', 'component-onehotencoder_component', 'component-maxabsscaler_component', 'component-ridgeclassifier_component', 'component-onehotencoder_applier_component', 'component-maxabsscaler_applier_component', 'component-ridgeclassifier_applier_component', 'component-data_writer_component']"
Ridgeclassifier Component 7,0.692,-1,-1,0.08139230008237064,40.42528030020185,1338.6723668000195,252.02584889996797,280.2801200998947,3.123090900015086,"['component-csv_reader_component', 'component-nonstandard_column_remover_component', 'component-data_partition_component', 'component-onehotencoder_component', 'component-normalizer_component', 'component-ridgeclassifier_component', 'component-onehotencoder_applier_component', 'component-normalizer_applier_component', 'component-ridgeclassifier_applier_component', 'component-data_writer_component']"
Ridgeclassifier Component 8,0.68,-1,-1,0.08139230008237064,40.42528030020185,1338.6723668000195,252.02584889996797,280.2801200998947,2.874020100105554,"['component-csv_reader_component', 'component-nonstandard_column_remover_component', 'component-data_partition_component', 'component-ordinalencoder_component', 'component-robustscaler_component', 'component-ridgeclassifier_component', 'component-ordinalencoder_applier_component', 'component-robustscaler_applier_component', 'component-ridgeclassifier_applier_component', 'component-data_writer_component']"
Ridgeclassifier Component 9,0.816,-1,-1,0.08139230008237064,40.42528030020185,1338.6723668000195,252.02584889996797,280.2801200998947,3.011702800169587,"['component-csv_reader_component', 'component-nonstandard_column_remover_component', 'component-data_partition_component', 'component-onehotencoder_component', 'component-robustscaler_component', 'component-ridgeclassifier_component', 'component-onehotencoder_applier_component', 'component-robustscaler_applier_component', 'component-ridgeclassifier_applier_component', 'component-data_writer_component']"
Ridgeclassifiercv Component 0,0.748,-1,-1,0.08139230008237064,40.42528030020185,1338.6723668000195,252.02584889996797,280.2801200998947,3.282130900071934,"['component-csv_reader_component', 'component-nonstandard_column_remover_component', 'component-data_partition_component', 'component-ordinalencoder_component', 'component-minmaxscaler_component', 'component-ridgeclassifiercv_component', 'component-ordinalencoder_applier_component', 'component-minmaxscaler_applier_component', 'component-ridgeclassifiercv_applier_component', 'component-data_writer_component']"
Ridgeclassifiercv Component 1,0.692,-1,-1,0.08139230008237064,40.42528030020185,1338.6723668000195,252.02584889996797,280.2801200998947,2.9284795001149178,"['component-csv_reader_component', 'component-nonstandard_column_remover_component', 'component-data_partition_component', 'component-ordinalencoder_component', 'component-quantiletransformer_component', 'component-ridgeclassifiercv_component', 'component-ordinalencoder_applier_component', 'component-quantiletransformer_applier_component', 'component-ridgeclassifiercv_applier_component', 'component-data_writer_component']"
Ridgeclassifiercv Component 2,0.74,-1,-1,0.08139230008237064,40.42528030020185,1338.6723668000195,252.02584889996797,280.2801200998947,2.9441701001487672,"['component-csv_reader_component', 'component-nonstandard_column_remover_component', 'component-data_partition_component', 'component-ordinalencoder_component', 'component-maxabsscaler_component', 'component-ridgeclassifiercv_component', 'component-ordinalencoder_applier_component', 'component-maxabsscaler_applier_component', 'component-ridgeclassifiercv_applier_component', 'component-data_writer_component']"
Ridgeclassifiercv Component 3,0.704,-1,-1,0.08139230008237064,40.42528030020185,1338.6723668000195,252.02584889996797,280.2801200998947,2.995137899881229,"['component-csv_reader_component', 'component-nonstandard_column_remover_component', 'component-data_partition_component', 'component-ordinalencoder_component', 'component-normalizer_component', 'component-ridgeclassifiercv_component', 'component-ordinalencoder_applier_component', 'component-normalizer_applier_component', 'component-ridgeclassifiercv_applier_component', 'component-data_writer_component']"
Ridgeclassifiercv Component 4,0.744,-1,-1,0.08139230008237064,40.42528030020185,1338.6723668000195,252.02584889996797,280.2801200998947,3.0256633998360485,"['component-csv_reader_component', 'component-nonstandard_column_remover_component', 'component-data_partition_component', 'component-ordinalencoder_component', 'component-robustscaler_component', 'component-ridgeclassifiercv_component', 'component-ordinalencoder_applier_component', 'component-robustscaler_applier_component', 'component-ridgeclassifiercv_applier_component', 'component-data_writer_component']"
Ridgeclassifiercv Component 5,0.808,-1,-1,0.08139230008237064,40.42528030020185,1338.6723668000195,252.02584889996797,280.2801200998947,2.8646108999382704,"['component-csv_reader_component', 'component-nonstandard_column_remover_component', 'component-data_partition_component', 'component-onehotencoder_component', 'component-ridgeclassifiercv_component', 'component-onehotencoder_applier_component', 'component-ridgeclassifiercv_applier_component', 'component-data_writer_component']"
Selftrainingclassifier Component 0,-1,-1,-1,0.08139230008237064,40.42528030020185,1338.6723668000195,252.02584889996797,280.2801200998947,3.2112340999301523,"['component-csv_reader_component', 'component-nonstandard_column_remover_component', 'component-data_partition_component', 'component-selftrainingclassifier_component', 'component-selftrainingclassifier_applier_component', 'component-data_writer_component']"
Sgdclassifier Component 0,0.716,-1,-1,0.08139230008237064,40.42528030020185,1338.6723668000195,252.02584889996797,280.2801200998947,3.2149857999756932,"['component-csv_reader_component', 'component-nonstandard_column_remover_component', 'component-data_partition_component', 'component-ordinalencoder_component', 'component-minmaxscaler_component', 'component-sgdclassifier_component', 'component-ordinalencoder_applier_component', 'component-minmaxscaler_applier_component', 'component-sgdclassifier_applier_component', 'component-data_writer_component']"
Sgdclassifier Component 1,0.656,-1,-1,0.08139230008237064,40.42528030020185,1338.6723668000195,252.02584889996797,280.2801200998947,3.004048200091347,"['component-csv_reader_component', 'component-nonstandard_column_remover_component', 'component-data_partition_component', 'component-ordinalencoder_component', 'component-quantiletransformer_component', 'component-sgdclassifier_component', 'component-ordinalencoder_applier_component', 'component-quantiletransformer_applier_component', 'component-sgdclassifier_applier_component', 'component-data_writer_component']"
Sgdclassifier Component 2,0.608,-1,-1,0.08139230008237064,40.42528030020185,1338.6723668000195,252.02584889996797,280.2801200998947,3.011460900073871,"['component-csv_reader_component', 'component-nonstandard_column_remover_component', 'component-data_partition_component', 'component-ordinalencoder_component', 'component-maxabsscaler_component', 'component-sgdclassifier_component', 'component-ordinalencoder_applier_component', 'component-maxabsscaler_applier_component', 'component-sgdclassifier_applier_component', 'component-data_writer_component']"
Sgdclassifier Component 3,0.276,-1,-1,0.08139230008237064,40.42528030020185,1338.6723668000195,252.02584889996797,280.2801200998947,2.891268700128421,"['component-csv_reader_component', 'component-nonstandard_column_remover_component', 'component-data_partition_component', 'component-ordinalencoder_component', 'component-normalizer_component', 'component-sgdclassifier_component', 'component-ordinalencoder_applier_component', 'component-normalizer_applier_component', 'component-sgdclassifier_applier_component', 'component-data_writer_component']"
Sgdclassifier Component 4,0.72,-1,-1,0.08139230008237064,40.42528030020185,1338.6723668000195,252.02584889996797,280.2801200998947,3.0917243999429047,"['component-csv_reader_component', 'component-nonstandard_column_remover_component', 'component-data_partition_component', 'component-ordinalencoder_component', 'component-robustscaler_component', 'component-sgdclassifier_component', 'component-ordinalencoder_applier_component', 'component-robustscaler_applier_component', 'component-sgdclassifier_applier_component', 'component-data_writer_component']"
Sgdclassifier Component 5,0.64,-1,-1,0.08139230008237064,40.42528030020185,1338.6723668000195,252.02584889996797,280.2801200998947,2.9330039999913424,"['component-csv_reader_component', 'component-nonstandard_column_remover_component', 'component-data_partition_component', 'component-onehotencoder_component', 'component-sgdclassifier_component', 'component-onehotencoder_applier_component', 'component-sgdclassifier_applier_component', 'component-data_writer_component']"
Svc Component 0,0.76,-1,-1,0.08139230008237064,40.42528030020185,1338.6723668000195,252.02584889996797,280.2801200998947,3.155136999906972,"['component-csv_reader_component', 'component-nonstandard_column_remover_component', 'component-data_partition_component', 'component-ordinalencoder_component', 'component-minmaxscaler_component', 'component-svc_component', 'component-ordinalencoder_applier_component', 'component-minmaxscaler_applier_component', 'component-svc_applier_component', 'component-data_writer_component']"
Svc Component 1,0.816,-1,-1,0.08139230008237064,40.42528030020185,1338.6723668000195,252.02584889996797,280.2801200998947,3.0414173000026494,"['component-csv_reader_component', 'component-nonstandard_column_remover_component', 'component-data_partition_component', 'component-ordinalencoder_component', 'component-quantiletransformer_component', 'component-svc_component', 'component-ordinalencoder_applier_component', 'component-quantiletransformer_applier_component', 'component-svc_applier_component', 'component-data_writer_component']"
Svc Component 2,0.916,-1,-1,0.08139230008237064,40.42528030020185,1338.6723668000195,252.02584889996797,280.2801200998947,2.894300299929455,"['component-csv_reader_component', 'component-nonstandard_column_remover_component', 'component-data_partition_component', 'component-onehotencoder_component', 'component-minmaxscaler_component', 'component-svc_component', 'component-onehotencoder_applier_component', 'component-minmaxscaler_applier_component', 'component-svc_applier_component', 'component-data_writer_component']"
Svc Component 3,0.876,-1,-1,0.08139230008237064,40.42528030020185,1338.6723668000195,252.02584889996797,280.2801200998947,3.05874040001072,"['component-csv_reader_component', 'component-nonstandard_column_remover_component', 'component-data_partition_component', 'component-onehotencoder_component', 'component-quantiletransformer_component', 'component-svc_component', 'component-onehotencoder_applier_component', 'component-quantiletransformer_applier_component', 'component-svc_applier_component', 'component-data_writer_component']"
Svc Component 4,0.812,-1,-1,0.08139230008237064,40.42528030020185,1338.6723668000195,252.02584889996797,280.2801200998947,2.9698622999712825,"['component-csv_reader_component', 'component-nonstandard_column_remover_component', 'component-data_partition_component', 'component-ordinalencoder_component', 'component-maxabsscaler_component', 'component-svc_component', 'component-ordinalencoder_applier_component', 'component-maxabsscaler_applier_component', 'component-svc_applier_component', 'component-data_writer_component']"
Svc Component 5,0.668,-1,-1,0.08139230008237064,40.42528030020185,1338.6723668000195,252.02584889996797,280.2801200998947,2.9938596000429243,"['component-csv_reader_component', 'component-nonstandard_column_remover_component', 'component-data_partition_component', 'component-ordinalencoder_component', 'component-normalizer_component', 'component-svc_component', 'component-ordinalencoder_applier_component', 'component-normalizer_applier_component', 'component-svc_applier_component', 'component-data_writer_component']"
Svc Component 6,0.868,-1,-1,0.08139230008237064,40.42528030020185,1338.6723668000195,252.02584889996797,280.2801200998947,3.0034644999541342,"['component-csv_reader_component', 'component-nonstandard_column_remover_component', 'component-data_partition_component', 'component-onehotencoder_component', 'component-maxabsscaler_component', 'component-svc_component', 'component-onehotencoder_applier_component', 'component-maxabsscaler_applier_component', 'component-svc_applier_component', 'component-data_writer_component']"
Svc Component 7,0.712,-1,-1,0.08139230008237064,40.42528030020185,1338.6723668000195,252.02584889996797,280.2801200998947,3.2162440000101924,"['component-csv_reader_component', 'component-nonstandard_column_remover_component', 'component-data_partition_component', 'component-onehotencoder_component', 'component-normalizer_component', 'component-svc_component', 'component-onehotencoder_applier_component', 'component-normalizer_applier_component', 'component-svc_applier_component', 'component-data_writer_component']"
Svc Component 8,0.804,-1,-1,0.08139230008237064,40.42528030020185,1338.6723668000195,252.02584889996797,280.2801200998947,3.0875528999604285,"['component-csv_reader_component', 'component-nonstandard_column_remover_component', 'component-data_partition_component', 'component-ordinalencoder_component', 'component-robustscaler_component', 'component-svc_component', 'component-ordinalencoder_applier_component', 'component-robustscaler_applier_component', 'component-svc_applier_component', 'component-data_writer_component']"
Svc Component 9,0.916,-1,-1,0.08139230008237064,40.42528030020185,1338.6723668000195,252.02584889996797,280.2801200998947,2.989731000037864,"['component-csv_reader_component', 'component-nonstandard_column_remover_component', 'component-data_partition_component', 'component-onehotencoder_component', 'component-robustscaler_component', 'component-svc_component', 'component-onehotencoder_applier_component', 'component-robustscaler_applier_component', 'component-svc_applier_component', 'component-data_writer_component']"
