name,accuracy,auc,logloss,annotator_time,abstract_planner_time,logical_planner_time,workflow_builder_time,translator_time,execution_time,plan
Adaboostclassifier Component 0,0.5740740740740741,0.8829184832054808,1.9245229674956077,0.27386289997957647,48.260893299942836,1496.1818216000684,255.0460976001341,289.4733144000638,13.721621999982744,"['component-csv_reader_component', 'component-nonstandard_column_remover_component', 'component-data_partition_component', 'component-ordinalencoder_component', 'component-adaboostclassifier_component', 'component-ordinalencoder_applier_component', 'component-adaboostclassifier_applier_component', 'component-data_writer_component']"
Adaboostclassifier Component 1,0.5761316872427984,0.9125724608323359,1.925342533685091,0.27386289997957647,48.260893299942836,1496.1818216000684,255.0460976001341,289.4733144000638,3.170237199869007,"['component-csv_reader_component', 'component-nonstandard_column_remover_component', 'component-data_partition_component', 'component-onehotencoder_component', 'component-adaboostclassifier_component', 'component-onehotencoder_applier_component', 'component-adaboostclassifier_applier_component', 'component-data_writer_component']"
Baggingclassifier Component 0,0.9917695473251029,0.9998283141361199,0.17478380862818324,0.27386289997957647,48.260893299942836,1496.1818216000684,255.0460976001341,289.4733144000638,3.091841199900955,"['component-csv_reader_component', 'component-nonstandard_column_remover_component', 'component-data_partition_component', 'component-ordinalencoder_component', 'component-baggingclassifier_component', 'component-ordinalencoder_applier_component', 'component-baggingclassifier_applier_component', 'component-data_writer_component']"
Baggingclassifier Component 1,0.9938271604938271,0.9995528349320904,0.17679427536924686,0.27386289997957647,48.260893299942836,1496.1818216000684,255.0460976001341,289.4733144000638,3.1803933000192046,"['component-csv_reader_component', 'component-nonstandard_column_remover_component', 'component-data_partition_component', 'component-onehotencoder_component', 'component-baggingclassifier_component', 'component-onehotencoder_applier_component', 'component-baggingclassifier_applier_component', 'component-data_writer_component']"
Bernoullinb Component 0,0.411522633744856,0.7815398501158519,1.380172928864371,0.27386289997957647,48.260893299942836,1496.1818216000684,255.0460976001341,289.4733144000638,3.056867599952966,"['component-csv_reader_component', 'component-nonstandard_column_remover_component', 'component-data_partition_component', 'component-ordinalencoder_component', 'component-binarizer_component', 'component-bernoullinb_component', 'component-ordinalencoder_applier_component', 'component-binarizer_applier_component', 'component-bernoullinb_applier_component', 'component-data_writer_component']"
Bernoullinb Component 1,0.294238683127572,0.7606730934695589,1.6621793036712453,0.27386289997957647,48.260893299942836,1496.1818216000684,255.0460976001341,289.4733144000638,2.952803800115362,"['component-csv_reader_component', 'component-nonstandard_column_remover_component', 'component-data_partition_component', 'component-onehotencoder_component', 'component-binarizer_component', 'component-bernoullinb_component', 'component-onehotencoder_applier_component', 'component-binarizer_applier_component', 'component-bernoullinb_applier_component', 'component-data_writer_component']"
Bernoullinb Component 2,0.5288065843621399,0.9970832344248545,10.532640510240162,0.27386289997957647,48.260893299942836,1496.1818216000684,255.0460976001341,289.4733144000638,5.232659900095314,"['component-csv_reader_component', 'component-nonstandard_column_remover_component', 'component-data_partition_component', 'component-onehotencoder_component', 'component-bernoullinb_component', 'component-onehotencoder_applier_component', 'component-bernoullinb_applier_component', 'component-data_writer_component']"
Bernoullinb Component 3,-1,-1,-1,0.27386289997957647,48.260893299942836,1496.1818216000684,255.0460976001341,289.4733144000638,3.0701647999230772,"['component-csv_reader_component', 'component-nonstandard_column_remover_component', 'component-data_partition_component', 'component-ordinalencoder_component', 'component-randomtreesembedding_component', 'component-bernoullinb_component', 'component-ordinalencoder_applier_component', 'component-randomtreesembedding_applier_component', 'component-bernoullinb_applier_component', 'component-data_writer_component']"
Bernoullinb Component 4,-1,-1,-1,0.27386289997957647,48.260893299942836,1496.1818216000684,255.0460976001341,289.4733144000638,3.1718252999708056,"['component-csv_reader_component', 'component-nonstandard_column_remover_component', 'component-data_partition_component', 'component-onehotencoder_component', 'component-randomtreesembedding_component', 'component-bernoullinb_component', 'component-onehotencoder_applier_component', 'component-randomtreesembedding_applier_component', 'component-bernoullinb_applier_component', 'component-data_writer_component']"
Calibratedclassifiercv Component 0,0.5637860082304527,0.7781494419555817,1.1962109622800412,0.27386289997957647,48.260893299942836,1496.1818216000684,255.0460976001341,289.4733144000638,3.309508200036362,"['component-csv_reader_component', 'component-nonstandard_column_remover_component', 'component-data_partition_component', 'component-calibratedclassifiercv_component', 'component-calibratedclassifiercv_applier_component', 'component-data_writer_component']"
Categoricalnb Component 0,-1,-1,-1,0.27386289997957647,48.260893299942836,1496.1818216000684,255.0460976001341,289.4733144000638,2.9013933001551777,"['component-csv_reader_component', 'component-nonstandard_column_remover_component', 'component-data_partition_component', 'component-ordinalencoder_component', 'component-kbinsdiscretizer_component', 'component-categoricalnb_component', 'component-ordinalencoder_applier_component', 'component-kbinsdiscretizer_applier_component', 'component-categoricalnb_applier_component', 'component-data_writer_component']"
Categoricalnb Component 1,-1,-1,-1,0.27386289997957647,48.260893299942836,1496.1818216000684,255.0460976001341,289.4733144000638,2.917907699942589,"['component-csv_reader_component', 'component-nonstandard_column_remover_component', 'component-data_partition_component', 'component-onehotencoder_component', 'component-kbinsdiscretizer_component', 'component-categoricalnb_component', 'component-onehotencoder_applier_component', 'component-kbinsdiscretizer_applier_component', 'component-categoricalnb_applier_component', 'component-data_writer_component']"
Complementnb Component 0,0.36213991769547327,0.5757704629287886,22.96455344679968,0.27386289997957647,48.260893299942836,1496.1818216000684,255.0460976001341,289.4733144000638,2.969136399915442,"['component-csv_reader_component', 'component-nonstandard_column_remover_component', 'component-data_partition_component', 'component-ordinalencoder_component', 'component-minmaxscaler_component', 'component-complementnb_component', 'component-ordinalencoder_applier_component', 'component-minmaxscaler_applier_component', 'component-complementnb_applier_component', 'component-data_writer_component']"
Complementnb Component 1,0.4444444444444444,0.5547046274466239,20.024251882842858,0.27386289997957647,48.260893299942836,1496.1818216000684,255.0460976001341,289.4733144000638,2.9832764000166208,"['component-csv_reader_component', 'component-nonstandard_column_remover_component', 'component-data_partition_component', 'component-ordinalencoder_component', 'component-quantiletransformer_component', 'component-complementnb_component', 'component-ordinalencoder_applier_component', 'component-quantiletransformer_applier_component', 'component-complementnb_applier_component', 'component-data_writer_component']"
Complementnb Component 2,-1,-1,-1,0.27386289997957647,48.260893299942836,1496.1818216000684,255.0460976001341,289.4733144000638,3.13879460003227,"['component-csv_reader_component', 'component-nonstandard_column_remover_component', 'component-data_partition_component', 'component-onehotencoder_component', 'component-complementnb_component', 'component-onehotencoder_applier_component', 'component-complementnb_applier_component', 'component-data_writer_component']"
Decisiontreeclassifier Component 0,1.0,1.0,2.220446049250313e-16,0.27386289997957647,48.260893299942836,1496.1818216000684,255.0460976001341,289.4733144000638,2.8805708000436425,"['component-csv_reader_component', 'component-nonstandard_column_remover_component', 'component-data_partition_component', 'component-decisiontreeclassifier_component', 'component-decisiontreeclassifier_applier_component', 'component-data_writer_component']"
Dummyclassifier Component 0,0.3683127572016461,0.5,1.6470501063809295,0.27386289997957647,48.260893299942836,1496.1818216000684,255.0460976001341,289.4733144000638,2.8962059998884797,"['component-csv_reader_component', 'component-data_partition_component', 'component-dummyclassifier_component', 'component-dummyclassifier_applier_component', 'component-data_writer_component']"
Extratreeclassifier Component 0,1.0,1.0,2.220446049250313e-16,0.27386289997957647,48.260893299942836,1496.1818216000684,255.0460976001341,289.4733144000638,3.119543500011787,"['component-csv_reader_component', 'component-nonstandard_column_remover_component', 'component-data_partition_component', 'component-ordinalencoder_component', 'component-extratreeclassifier_component', 'component-ordinalencoder_applier_component', 'component-extratreeclassifier_applier_component', 'component-data_writer_component']"
Extratreeclassifier Component 1,1.0,1.0,2.220446049250313e-16,0.27386289997957647,48.260893299942836,1496.1818216000684,255.0460976001341,289.4733144000638,3.058041400043294,"['component-csv_reader_component', 'component-nonstandard_column_remover_component', 'component-data_partition_component', 'component-onehotencoder_component', 'component-extratreeclassifier_component', 'component-onehotencoder_applier_component', 'component-extratreeclassifier_applier_component', 'component-data_writer_component']"
Extratreesclassifier Component 0,1.0,1.0,2.220446049250313e-16,0.27386289997957647,48.260893299942836,1496.1818216000684,255.0460976001341,289.4733144000638,3.2685092999599874,"['component-csv_reader_component', 'component-nonstandard_column_remover_component', 'component-data_partition_component', 'component-ordinalencoder_component', 'component-extratreesclassifier_component', 'component-ordinalencoder_applier_component', 'component-extratreesclassifier_applier_component', 'component-data_writer_component']"
Extratreesclassifier Component 1,1.0,1.0,2.220446049250313e-16,0.27386289997957647,48.260893299942836,1496.1818216000684,255.0460976001341,289.4733144000638,3.277744899969548,"['component-csv_reader_component', 'component-nonstandard_column_remover_component', 'component-data_partition_component', 'component-onehotencoder_component', 'component-extratreesclassifier_component', 'component-onehotencoder_applier_component', 'component-extratreesclassifier_applier_component', 'component-data_writer_component']"
Gaussiannb Component 0,0.4506172839506173,0.8268877568365575,2.93515266366589,0.27386289997957647,48.260893299942836,1496.1818216000684,255.0460976001341,289.4733144000638,3.008393900003284,"['component-csv_reader_component', 'component-nonstandard_column_remover_component', 'component-data_partition_component', 'component-ordinalencoder_component', 'component-gaussiannb_component', 'component-ordinalencoder_applier_component', 'component-gaussiannb_applier_component', 'component-data_writer_component']"
Gaussiannb Component 1,0.4218106995884774,0.8108314762094386,3.3367114193473713,0.27386289997957647,48.260893299942836,1496.1818216000684,255.0460976001341,289.4733144000638,3.0522704001050442,"['component-csv_reader_component', 'component-nonstandard_column_remover_component', 'component-data_partition_component', 'component-onehotencoder_component', 'component-gaussiannb_component', 'component-onehotencoder_applier_component', 'component-gaussiannb_applier_component', 'component-data_writer_component']"
Gaussianprocessclassifier Component 0,0.7489711934156379,0.9462386320580886,0.9430080588722665,0.27386289997957647,48.260893299942836,1496.1818216000684,255.0460976001341,289.4733144000638,4.646735499845818,"['component-csv_reader_component', 'component-nonstandard_column_remover_component', 'component-data_partition_component', 'component-ordinalencoder_component', 'component-minmaxscaler_component', 'component-gaussianprocessclassifier_component', 'component-ordinalencoder_applier_component', 'component-minmaxscaler_applier_component', 'component-gaussianprocessclassifier_applier_component', 'component-data_writer_component']"
Gaussianprocessclassifier Component 1,0.8045267489711934,0.9707256220827893,0.8851289333843216,0.27386289997957647,48.260893299942836,1496.1818216000684,255.0460976001341,289.4733144000638,4.932313400087878,"['component-csv_reader_component', 'component-nonstandard_column_remover_component', 'component-data_partition_component', 'component-ordinalencoder_component', 'component-quantiletransformer_component', 'component-gaussianprocessclassifier_component', 'component-ordinalencoder_applier_component', 'component-quantiletransformer_applier_component', 'component-gaussianprocessclassifier_applier_component', 'component-data_writer_component']"
Gaussianprocessclassifier Component 2,0.7366255144032922,0.9468918168561221,0.9499291854593652,0.27386289997957647,48.260893299942836,1496.1818216000684,255.0460976001341,289.4733144000638,4.742692900123075,"['component-csv_reader_component', 'component-nonstandard_column_remover_component', 'component-data_partition_component', 'component-onehotencoder_component', 'component-minmaxscaler_component', 'component-gaussianprocessclassifier_component', 'component-onehotencoder_applier_component', 'component-minmaxscaler_applier_component', 'component-gaussianprocessclassifier_applier_component', 'component-data_writer_component']"
Gaussianprocessclassifier Component 3,0.779835390946502,0.9646438099623921,0.963954918739689,0.27386289997957647,48.260893299942836,1496.1818216000684,255.0460976001341,289.4733144000638,4.803810100071132,"['component-csv_reader_component', 'component-nonstandard_column_remover_component', 'component-data_partition_component', 'component-onehotencoder_component', 'component-quantiletransformer_component', 'component-gaussianprocessclassifier_component', 'component-onehotencoder_applier_component', 'component-quantiletransformer_applier_component', 'component-gaussianprocessclassifier_applier_component', 'component-data_writer_component']"
Gaussianprocessclassifier Component 4,0.7263374485596708,0.9426416042028212,0.9555269517121243,0.27386289997957647,48.260893299942836,1496.1818216000684,255.0460976001341,289.4733144000638,4.4279634999111295,"['component-csv_reader_component', 'component-nonstandard_column_remover_component', 'component-data_partition_component', 'component-ordinalencoder_component', 'component-maxabsscaler_component', 'component-gaussianprocessclassifier_component', 'component-ordinalencoder_applier_component', 'component-maxabsscaler_applier_component', 'component-gaussianprocessclassifier_applier_component', 'component-data_writer_component']"
Gaussianprocessclassifier Component 5,0.46296296296296297,0.8139401919348386,1.3111844088949522,0.27386289997957647,48.260893299942836,1496.1818216000684,255.0460976001341,289.4733144000638,4.603100300068036,"['component-csv_reader_component', 'component-nonstandard_column_remover_component', 'component-data_partition_component', 'component-ordinalencoder_component', 'component-normalizer_component', 'component-gaussianprocessclassifier_component', 'component-ordinalencoder_applier_component', 'component-normalizer_applier_component', 'component-gaussianprocessclassifier_applier_component', 'component-data_writer_component']"
Gaussianprocessclassifier Component 6,0.7181069958847737,0.938443678251536,0.9962512792699688,0.27386289997957647,48.260893299942836,1496.1818216000684,255.0460976001341,289.4733144000638,4.717063599964604,"['component-csv_reader_component', 'component-nonstandard_column_remover_component', 'component-data_partition_component', 'component-onehotencoder_component', 'component-maxabsscaler_component', 'component-gaussianprocessclassifier_component', 'component-onehotencoder_applier_component', 'component-maxabsscaler_applier_component', 'component-gaussianprocessclassifier_applier_component', 'component-data_writer_component']"
Gaussianprocessclassifier Component 7,0.4711934156378601,0.8020631485023771,1.352551061015347,0.27386289997957647,48.260893299942836,1496.1818216000684,255.0460976001341,289.4733144000638,4.780263100052252,"['component-csv_reader_component', 'component-nonstandard_column_remover_component', 'component-data_partition_component', 'component-onehotencoder_component', 'component-normalizer_component', 'component-gaussianprocessclassifier_component', 'component-onehotencoder_applier_component', 'component-normalizer_applier_component', 'component-gaussianprocessclassifier_applier_component', 'component-data_writer_component']"
Gaussianprocessclassifier Component 8,0.9588477366255144,0.9949117562052562,1.371180102471798,0.27386289997957647,48.260893299942836,1496.1818216000684,255.0460976001341,289.4733144000638,4.2676761001348495,"['component-csv_reader_component', 'component-nonstandard_column_remover_component', 'component-data_partition_component', 'component-ordinalencoder_component', 'component-robustscaler_component', 'component-gaussianprocessclassifier_component', 'component-ordinalencoder_applier_component', 'component-robustscaler_applier_component', 'component-gaussianprocessclassifier_applier_component', 'component-data_writer_component']"
Gaussianprocessclassifier Component 9,0.9465020576131687,0.9896121026277009,1.3763779978644908,0.27386289997957647,48.260893299942836,1496.1818216000684,255.0460976001341,289.4733144000638,4.465594599954784,"['component-csv_reader_component', 'component-nonstandard_column_remover_component', 'component-data_partition_component', 'component-onehotencoder_component', 'component-robustscaler_component', 'component-gaussianprocessclassifier_component', 'component-onehotencoder_applier_component', 'component-robustscaler_applier_component', 'component-gaussianprocessclassifier_applier_component', 'component-data_writer_component']"
Gradientboostingclassifier Component 0,1.0,1.0,0.059570874415301796,0.27386289997957647,48.260893299942836,1496.1818216000684,255.0460976001341,289.4733144000638,5.185270400019363,"['component-csv_reader_component', 'component-nonstandard_column_remover_component', 'component-data_partition_component', 'component-ordinalencoder_component', 'component-gradientboostingclassifier_component', 'component-ordinalencoder_applier_component', 'component-gradientboostingclassifier_applier_component', 'component-data_writer_component']"
Gradientboostingclassifier Component 1,1.0,1.0,0.06109320450374209,0.27386289997957647,48.260893299942836,1496.1818216000684,255.0460976001341,289.4733144000638,5.001278599957004,"['component-csv_reader_component', 'component-nonstandard_column_remover_component', 'component-data_partition_component', 'component-onehotencoder_component', 'component-gradientboostingclassifier_component', 'component-onehotencoder_applier_component', 'component-gradientboostingclassifier_applier_component', 'component-data_writer_component']"
Histgradientboostingclassifier Component 0,1.0,1.0,0.0007558732854369037,0.27386289997957647,48.260893299942836,1496.1818216000684,255.0460976001341,289.4733144000638,7.498949900036678,"['component-csv_reader_component', 'component-nonstandard_column_remover_component', 'component-data_partition_component', 'component-ordinalencoder_component', 'component-histgradientboostingclassifier_component', 'component-ordinalencoder_applier_component', 'component-histgradientboostingclassifier_applier_component', 'component-data_writer_component']"
Histgradientboostingclassifier Component 1,1.0,1.0,0.0006547908950232912,0.27386289997957647,48.260893299942836,1496.1818216000684,255.0460976001341,289.4733144000638,6.317678999854252,"['component-csv_reader_component', 'component-nonstandard_column_remover_component', 'component-data_partition_component', 'component-onehotencoder_component', 'component-histgradientboostingclassifier_component', 'component-onehotencoder_applier_component', 'component-histgradientboostingclassifier_applier_component', 'component-data_writer_component']"
Kneighborsclassifier Component 0,0.7407407407407407,0.9629050804100098,0.4987747594650677,0.27386289997957647,48.260893299942836,1496.1818216000684,255.0460976001341,289.4733144000638,4.55286609986797,"['component-csv_reader_component', 'component-nonstandard_column_remover_component', 'component-data_partition_component', 'component-ordinalencoder_component', 'component-minmaxscaler_component', 'component-kneighborsclassifier_component', 'component-ordinalencoder_applier_component', 'component-minmaxscaler_applier_component', 'component-kneighborsclassifier_applier_component', 'component-data_writer_component']"
Kneighborsclassifier Component 1,0.7551440329218106,0.9685179007267697,0.4752479357757177,0.27386289997957647,48.260893299942836,1496.1818216000684,255.0460976001341,289.4733144000638,4.615494200028479,"['component-csv_reader_component', 'component-nonstandard_column_remover_component', 'component-data_partition_component', 'component-ordinalencoder_component', 'component-quantiletransformer_component', 'component-kneighborsclassifier_component', 'component-ordinalencoder_applier_component', 'component-quantiletransformer_applier_component', 'component-kneighborsclassifier_applier_component', 'component-data_writer_component']"
Kneighborsclassifier Component 2,0.7839506172839507,0.9697335246335294,0.45148375176844263,0.27386289997957647,48.260893299942836,1496.1818216000684,255.0460976001341,289.4733144000638,4.542940000072122,"['component-csv_reader_component', 'component-nonstandard_column_remover_component', 'component-data_partition_component', 'component-onehotencoder_component', 'component-minmaxscaler_component', 'component-kneighborsclassifier_component', 'component-onehotencoder_applier_component', 'component-minmaxscaler_applier_component', 'component-kneighborsclassifier_applier_component', 'component-data_writer_component']"
Kneighborsclassifier Component 3,0.7818930041152263,0.9672576905576802,0.4924244624525812,0.27386289997957647,48.260893299942836,1496.1818216000684,255.0460976001341,289.4733144000638,4.472416500095278,"['component-csv_reader_component', 'component-nonstandard_column_remover_component', 'component-data_partition_component', 'component-onehotencoder_component', 'component-quantiletransformer_component', 'component-kneighborsclassifier_component', 'component-onehotencoder_applier_component', 'component-quantiletransformer_applier_component', 'component-kneighborsclassifier_applier_component', 'component-data_writer_component']"
Kneighborsclassifier Component 4,0.7613168724279835,0.9609189070731292,0.5392220990839048,0.27386289997957647,48.260893299942836,1496.1818216000684,255.0460976001341,289.4733144000638,4.627942799823359,"['component-csv_reader_component', 'component-nonstandard_column_remover_component', 'component-data_partition_component', 'component-ordinalencoder_component', 'component-maxabsscaler_component', 'component-kneighborsclassifier_component', 'component-ordinalencoder_applier_component', 'component-maxabsscaler_applier_component', 'component-kneighborsclassifier_applier_component', 'component-data_writer_component']"
Kneighborsclassifier Component 5,0.6481481481481481,0.9322020315013452,0.7231389485295018,0.27386289997957647,48.260893299942836,1496.1818216000684,255.0460976001341,289.4733144000638,4.6669763000682,"['component-csv_reader_component', 'component-nonstandard_column_remover_component', 'component-data_partition_component', 'component-ordinalencoder_component', 'component-normalizer_component', 'component-kneighborsclassifier_component', 'component-ordinalencoder_applier_component', 'component-normalizer_applier_component', 'component-kneighborsclassifier_applier_component', 'component-data_writer_component']"
Kneighborsclassifier Component 6,0.742798353909465,0.9642930820945785,0.5033887524770251,0.27386289997957647,48.260893299942836,1496.1818216000684,255.0460976001341,289.4733144000638,4.624534499831498,"['component-csv_reader_component', 'component-nonstandard_column_remover_component', 'component-data_partition_component', 'component-onehotencoder_component', 'component-maxabsscaler_component', 'component-kneighborsclassifier_component', 'component-onehotencoder_applier_component', 'component-maxabsscaler_applier_component', 'component-kneighborsclassifier_applier_component', 'component-data_writer_component']"
Kneighborsclassifier Component 7,0.6255144032921811,0.9290548276034583,0.7316916770410247,0.27386289997957647,48.260893299942836,1496.1818216000684,255.0460976001341,289.4733144000638,4.454670600127429,"['component-csv_reader_component', 'component-nonstandard_column_remover_component', 'component-data_partition_component', 'component-onehotencoder_component', 'component-normalizer_component', 'component-kneighborsclassifier_component', 'component-onehotencoder_applier_component', 'component-normalizer_applier_component', 'component-kneighborsclassifier_applier_component', 'component-data_writer_component']"
Kneighborsclassifier Component 8,0.7942386831275721,0.9727657849486443,0.45888116300511844,0.27386289997957647,48.260893299942836,1496.1818216000684,255.0460976001341,289.4733144000638,4.532028299989179,"['component-csv_reader_component', 'component-nonstandard_column_remover_component', 'component-data_partition_component', 'component-ordinalencoder_component', 'component-robustscaler_component', 'component-kneighborsclassifier_component', 'component-ordinalencoder_applier_component', 'component-robustscaler_applier_component', 'component-kneighborsclassifier_applier_component', 'component-data_writer_component']"
Kneighborsclassifier Component 9,0.8045267489711934,0.9732861558858633,0.4438287403428759,0.27386289997957647,48.260893299942836,1496.1818216000684,255.0460976001341,289.4733144000638,4.51840479997918,"['component-csv_reader_component', 'component-nonstandard_column_remover_component', 'component-data_partition_component', 'component-onehotencoder_component', 'component-robustscaler_component', 'component-kneighborsclassifier_component', 'component-onehotencoder_applier_component', 'component-robustscaler_applier_component', 'component-kneighborsclassifier_applier_component', 'component-data_writer_component']"
Labelpropagation Component 0,1.0,1.0,0.06031690575210661,0.27386289997957647,48.260893299942836,1496.1818216000684,255.0460976001341,289.4733144000638,2.848329900065437,"['component-csv_reader_component', 'component-nonstandard_column_remover_component', 'component-data_partition_component', 'component-ordinalencoder_component', 'component-minmaxscaler_component', 'component-labelpropagation_component', 'component-ordinalencoder_applier_component', 'component-minmaxscaler_applier_component', 'component-labelpropagation_applier_component', 'component-data_writer_component']"
Labelpropagation Component 1,1.0,1.0,0.002041772988839738,0.27386289997957647,48.260893299942836,1496.1818216000684,255.0460976001341,289.4733144000638,3.1884524999186397,"['component-csv_reader_component', 'component-nonstandard_column_remover_component', 'component-data_partition_component', 'component-ordinalencoder_component', 'component-quantiletransformer_component', 'component-labelpropagation_component', 'component-ordinalencoder_applier_component', 'component-quantiletransformer_applier_component', 'component-labelpropagation_applier_component', 'component-data_writer_component']"
Labelpropagation Component 2,0.9979423868312757,1.0,0.04228861231971062,0.27386289997957647,48.260893299942836,1496.1818216000684,255.0460976001341,289.4733144000638,3.002884600078687,"['component-csv_reader_component', 'component-nonstandard_column_remover_component', 'component-data_partition_component', 'component-onehotencoder_component', 'component-minmaxscaler_component', 'component-labelpropagation_component', 'component-onehotencoder_applier_component', 'component-minmaxscaler_applier_component', 'component-labelpropagation_applier_component', 'component-data_writer_component']"
Labelpropagation Component 3,0.9979423868312757,1.0,0.0075325125504241445,0.27386289997957647,48.260893299942836,1496.1818216000684,255.0460976001341,289.4733144000638,3.2636134999338537,"['component-csv_reader_component', 'component-nonstandard_column_remover_component', 'component-data_partition_component', 'component-onehotencoder_component', 'component-quantiletransformer_component', 'component-labelpropagation_component', 'component-onehotencoder_applier_component', 'component-quantiletransformer_applier_component', 'component-labelpropagation_applier_component', 'component-data_writer_component']"
Labelpropagation Component 4,1.0,1.0,0.05732378021395748,0.27386289997957647,48.260893299942836,1496.1818216000684,255.0460976001341,289.4733144000638,3.009606999810785,"['component-csv_reader_component', 'component-nonstandard_column_remover_component', 'component-data_partition_component', 'component-ordinalencoder_component', 'component-maxabsscaler_component', 'component-labelpropagation_component', 'component-ordinalencoder_applier_component', 'component-maxabsscaler_applier_component', 'component-labelpropagation_applier_component', 'component-data_writer_component']"
Labelpropagation Component 5,0.4835390946502058,0.8335469240347682,1.192724483596842,0.27386289997957647,48.260893299942836,1496.1818216000684,255.0460976001341,289.4733144000638,2.8921209000982344,"['component-csv_reader_component', 'component-nonstandard_column_remover_component', 'component-data_partition_component', 'component-ordinalencoder_component', 'component-normalizer_component', 'component-labelpropagation_component', 'component-ordinalencoder_applier_component', 'component-normalizer_applier_component', 'component-labelpropagation_applier_component', 'component-data_writer_component']"
Labelpropagation Component 6,0.9979423868312757,0.9999945047547609,0.07169699133853621,0.27386289997957647,48.260893299942836,1496.1818216000684,255.0460976001341,289.4733144000638,3.1692903998773545,"['component-csv_reader_component', 'component-nonstandard_column_remover_component', 'component-data_partition_component', 'component-onehotencoder_component', 'component-maxabsscaler_component', 'component-labelpropagation_component', 'component-onehotencoder_applier_component', 'component-maxabsscaler_applier_component', 'component-labelpropagation_applier_component', 'component-data_writer_component']"
Labelpropagation Component 7,0.5164609053497943,0.8360849468928848,1.177877399120036,0.27386289997957647,48.260893299942836,1496.1818216000684,255.0460976001341,289.4733144000638,3.1987173000816256,"['component-csv_reader_component', 'component-nonstandard_column_remover_component', 'component-data_partition_component', 'component-onehotencoder_component', 'component-normalizer_component', 'component-labelpropagation_component', 'component-onehotencoder_applier_component', 'component-normalizer_applier_component', 'component-labelpropagation_applier_component', 'component-data_writer_component']"
Labelpropagation Component 8,1.0,1.0,3.930540143800975e-06,0.27386289997957647,48.260893299942836,1496.1818216000684,255.0460976001341,289.4733144000638,2.9525484999176115,"['component-csv_reader_component', 'component-nonstandard_column_remover_component', 'component-data_partition_component', 'component-ordinalencoder_component', 'component-robustscaler_component', 'component-labelpropagation_component', 'component-ordinalencoder_applier_component', 'component-robustscaler_applier_component', 'component-labelpropagation_applier_component', 'component-data_writer_component']"
Labelpropagation Component 9,1.0,1.0,0.00014660356505770362,0.27386289997957647,48.260893299942836,1496.1818216000684,255.0460976001341,289.4733144000638,3.237517499830574,"['component-csv_reader_component', 'component-nonstandard_column_remover_component', 'component-data_partition_component', 'component-onehotencoder_component', 'component-robustscaler_component', 'component-labelpropagation_component', 'component-onehotencoder_applier_component', 'component-robustscaler_applier_component', 'component-labelpropagation_applier_component', 'component-data_writer_component']"
Labelspreading Component 0,0.9958847736625515,0.9999841479894077,0.08303343972071342,0.27386289997957647,48.260893299942836,1496.1818216000684,255.0460976001341,289.4733144000638,2.8951592999510467,"['component-csv_reader_component', 'component-nonstandard_column_remover_component', 'component-data_partition_component', 'component-ordinalencoder_component', 'component-minmaxscaler_component', 'component-labelspreading_component', 'component-ordinalencoder_applier_component', 'component-minmaxscaler_applier_component', 'component-labelspreading_applier_component', 'component-data_writer_component']"
Labelspreading Component 1,0.9979423868312757,0.9999195768167731,0.04374824225360287,0.27386289997957647,48.260893299942836,1496.1818216000684,255.0460976001341,289.4733144000638,3.1019047000445426,"['component-csv_reader_component', 'component-nonstandard_column_remover_component', 'component-data_partition_component', 'component-ordinalencoder_component', 'component-quantiletransformer_component', 'component-labelspreading_component', 'component-ordinalencoder_applier_component', 'component-quantiletransformer_applier_component', 'component-labelspreading_applier_component', 'component-data_writer_component']"
Labelspreading Component 2,1.0,1.0,0.07512240010898569,0.27386289997957647,48.260893299942836,1496.1818216000684,255.0460976001341,289.4733144000638,3.1220313999801874,"['component-csv_reader_component', 'component-nonstandard_column_remover_component', 'component-data_partition_component', 'component-onehotencoder_component', 'component-minmaxscaler_component', 'component-labelspreading_component', 'component-onehotencoder_applier_component', 'component-minmaxscaler_applier_component', 'component-labelspreading_applier_component', 'component-data_writer_component']"
Labelspreading Component 3,1.0,1.0,0.04147549025700353,0.27386289997957647,48.260893299942836,1496.1818216000684,255.0460976001341,289.4733144000638,3.196621600072831,"['component-csv_reader_component', 'component-nonstandard_column_remover_component', 'component-data_partition_component', 'component-onehotencoder_component', 'component-quantiletransformer_component', 'component-labelspreading_component', 'component-onehotencoder_applier_component', 'component-quantiletransformer_applier_component', 'component-labelspreading_applier_component', 'component-data_writer_component']"
Labelspreading Component 4,0.9917695473251029,0.9997285131213464,0.10898990824225596,0.27386289997957647,48.260893299942836,1496.1818216000684,255.0460976001341,289.4733144000638,2.990508400136605,"['component-csv_reader_component', 'component-nonstandard_column_remover_component', 'component-data_partition_component', 'component-ordinalencoder_component', 'component-maxabsscaler_component', 'component-labelspreading_component', 'component-ordinalencoder_applier_component', 'component-maxabsscaler_applier_component', 'component-labelspreading_applier_component', 'component-data_writer_component']"
Labelspreading Component 5,0.4897119341563786,0.831842833585187,1.2169066250661786,0.27386289997957647,48.260893299942836,1496.1818216000684,255.0460976001341,289.4733144000638,2.970782099990174,"['component-csv_reader_component', 'component-nonstandard_column_remover_component', 'component-data_partition_component', 'component-ordinalencoder_component', 'component-normalizer_component', 'component-labelspreading_component', 'component-ordinalencoder_applier_component', 'component-normalizer_applier_component', 'component-labelspreading_applier_component', 'component-data_writer_component']"
Labelspreading Component 6,0.9917695473251029,0.9999883132348961,0.11830061633512355,0.27386289997957647,48.260893299942836,1496.1818216000684,255.0460976001341,289.4733144000638,3.056816500145942,"['component-csv_reader_component', 'component-nonstandard_column_remover_component', 'component-data_partition_component', 'component-onehotencoder_component', 'component-maxabsscaler_component', 'component-labelspreading_component', 'component-onehotencoder_applier_component', 'component-maxabsscaler_applier_component', 'component-labelspreading_applier_component', 'component-data_writer_component']"
Labelspreading Component 7,0.5123456790123457,0.8337758856449763,1.190409795486062,0.27386289997957647,48.260893299942836,1496.1818216000684,255.0460976001341,289.4733144000638,3.001676000189036,"['component-csv_reader_component', 'component-nonstandard_column_remover_component', 'component-data_partition_component', 'component-onehotencoder_component', 'component-normalizer_component', 'component-labelspreading_component', 'component-onehotencoder_applier_component', 'component-normalizer_applier_component', 'component-labelspreading_applier_component', 'component-data_writer_component']"
Labelspreading Component 8,1.0,1.0,0.023339968255811566,0.27386289997957647,48.260893299942836,1496.1818216000684,255.0460976001341,289.4733144000638,3.1088064999785274,"['component-csv_reader_component', 'component-nonstandard_column_remover_component', 'component-data_partition_component', 'component-ordinalencoder_component', 'component-robustscaler_component', 'component-labelspreading_component', 'component-ordinalencoder_applier_component', 'component-robustscaler_applier_component', 'component-labelspreading_applier_component', 'component-data_writer_component']"
Labelspreading Component 9,1.0,1.0,0.0279873037051652,0.27386289997957647,48.260893299942836,1496.1818216000684,255.0460976001341,289.4733144000638,3.214690800057724,"['component-csv_reader_component', 'component-nonstandard_column_remover_component', 'component-data_partition_component', 'component-onehotencoder_component', 'component-robustscaler_component', 'component-labelspreading_component', 'component-onehotencoder_applier_component', 'component-robustscaler_applier_component', 'component-labelspreading_applier_component', 'component-data_writer_component']"
Lineardiscriminantanalysis Component 0,0.757201646090535,0.9523466285745854,0.7130796935828408,0.27386289997957647,48.260893299942836,1496.1818216000684,255.0460976001341,289.4733144000638,2.915139799937606,"['component-csv_reader_component', 'component-nonstandard_column_remover_component', 'component-data_partition_component', 'component-ordinalencoder_component', 'component-minmaxscaler_component', 'component-lineardiscriminantanalysis_component', 'component-ordinalencoder_applier_component', 'component-minmaxscaler_applier_component', 'component-lineardiscriminantanalysis_applier_component', 'component-data_writer_component']"
Lineardiscriminantanalysis Component 1,0.7530864197530864,0.9506389485446602,0.818596578825545,0.27386289997957647,48.260893299942836,1496.1818216000684,255.0460976001341,289.4733144000638,3.1477540999185294,"['component-csv_reader_component', 'component-nonstandard_column_remover_component', 'component-data_partition_component', 'component-ordinalencoder_component', 'component-quantiletransformer_component', 'component-lineardiscriminantanalysis_component', 'component-ordinalencoder_applier_component', 'component-quantiletransformer_applier_component', 'component-lineardiscriminantanalysis_applier_component', 'component-data_writer_component']"
Lineardiscriminantanalysis Component 2,0.7366255144032922,0.9428704679412976,0.8472707758005735,0.27386289997957647,48.260893299942836,1496.1818216000684,255.0460976001341,289.4733144000638,2.845758599927649,"['component-csv_reader_component', 'component-nonstandard_column_remover_component', 'component-data_partition_component', 'component-ordinalencoder_component', 'component-maxabsscaler_component', 'component-lineardiscriminantanalysis_component', 'component-ordinalencoder_applier_component', 'component-maxabsscaler_applier_component', 'component-lineardiscriminantanalysis_applier_component', 'component-data_writer_component']"
Lineardiscriminantanalysis Component 3,0.5864197530864198,0.8839141299787746,1.0484364500604264,0.27386289997957647,48.260893299942836,1496.1818216000684,255.0460976001341,289.4733144000638,2.961339700035751,"['component-csv_reader_component', 'component-nonstandard_column_remover_component', 'component-data_partition_component', 'component-ordinalencoder_component', 'component-normalizer_component', 'component-lineardiscriminantanalysis_component', 'component-ordinalencoder_applier_component', 'component-normalizer_applier_component', 'component-lineardiscriminantanalysis_applier_component', 'component-data_writer_component']"
Lineardiscriminantanalysis Component 4,0.720164609053498,0.9369657194075,0.8320763426345146,0.27386289997957647,48.260893299942836,1496.1818216000684,255.0460976001341,289.4733144000638,2.9520987002179027,"['component-csv_reader_component', 'component-nonstandard_column_remover_component', 'component-data_partition_component', 'component-onehotencoder_component', 'component-maxabsscaler_component', 'component-lineardiscriminantanalysis_component', 'component-onehotencoder_applier_component', 'component-maxabsscaler_applier_component', 'component-lineardiscriminantanalysis_applier_component', 'component-data_writer_component']"
Lineardiscriminantanalysis Component 5,0.5925925925925926,0.886664628499785,1.0864412289945065,0.27386289997957647,48.260893299942836,1496.1818216000684,255.0460976001341,289.4733144000638,3.382836499949917,"['component-csv_reader_component', 'component-nonstandard_column_remover_component', 'component-data_partition_component', 'component-onehotencoder_component', 'component-normalizer_component', 'component-lineardiscriminantanalysis_component', 'component-onehotencoder_applier_component', 'component-normalizer_applier_component', 'component-lineardiscriminantanalysis_applier_component', 'component-data_writer_component']"
Lineardiscriminantanalysis Component 6,0.7222222222222222,0.940825860111637,0.7888163215747203,0.27386289997957647,48.260893299942836,1496.1818216000684,255.0460976001341,289.4733144000638,2.973917500115931,"['component-csv_reader_component', 'component-nonstandard_column_remover_component', 'component-data_partition_component', 'component-ordinalencoder_component', 'component-robustscaler_component', 'component-lineardiscriminantanalysis_component', 'component-ordinalencoder_applier_component', 'component-robustscaler_applier_component', 'component-lineardiscriminantanalysis_applier_component', 'component-data_writer_component']"
Lineardiscriminantanalysis Component 7,0.6954732510288066,0.9253024427565161,0.9024673427244265,0.27386289997957647,48.260893299942836,1496.1818216000684,255.0460976001341,289.4733144000638,2.9369246000424027,"['component-csv_reader_component', 'component-nonstandard_column_remover_component', 'component-data_partition_component', 'component-onehotencoder_component', 'component-robustscaler_component', 'component-lineardiscriminantanalysis_component', 'component-onehotencoder_applier_component', 'component-robustscaler_applier_component', 'component-lineardiscriminantanalysis_applier_component', 'component-data_writer_component']"
Linearsvc Component 0,0.742798353909465,-1,-1,0.27386289997957647,48.260893299942836,1496.1818216000684,255.0460976001341,289.4733144000638,3.0756463001016527,"['component-csv_reader_component', 'component-nonstandard_column_remover_component', 'component-data_partition_component', 'component-ordinalencoder_component', 'component-minmaxscaler_component', 'component-linearsvc_component', 'component-ordinalencoder_applier_component', 'component-minmaxscaler_applier_component', 'component-linearsvc_applier_component', 'component-data_writer_component']"
Linearsvc Component 1,0.720164609053498,-1,-1,0.27386289997957647,48.260893299942836,1496.1818216000684,255.0460976001341,289.4733144000638,2.873171500163153,"['component-csv_reader_component', 'component-nonstandard_column_remover_component', 'component-data_partition_component', 'component-ordinalencoder_component', 'component-quantiletransformer_component', 'component-linearsvc_component', 'component-ordinalencoder_applier_component', 'component-quantiletransformer_applier_component', 'component-linearsvc_applier_component', 'component-data_writer_component']"
Linearsvc Component 2,0.742798353909465,-1,-1,0.27386289997957647,48.260893299942836,1496.1818216000684,255.0460976001341,289.4733144000638,2.989021999994293,"['component-csv_reader_component', 'component-nonstandard_column_remover_component', 'component-data_partition_component', 'component-ordinalencoder_component', 'component-maxabsscaler_component', 'component-linearsvc_component', 'component-ordinalencoder_applier_component', 'component-maxabsscaler_applier_component', 'component-linearsvc_applier_component', 'component-data_writer_component']"
Linearsvc Component 3,0.4691358024691358,-1,-1,0.27386289997957647,48.260893299942836,1496.1818216000684,255.0460976001341,289.4733144000638,3.01847350015305,"['component-csv_reader_component', 'component-nonstandard_column_remover_component', 'component-data_partition_component', 'component-ordinalencoder_component', 'component-normalizer_component', 'component-linearsvc_component', 'component-ordinalencoder_applier_component', 'component-normalizer_applier_component', 'component-linearsvc_applier_component', 'component-data_writer_component']"
Linearsvc Component 4,0.7263374485596708,-1,-1,0.27386289997957647,48.260893299942836,1496.1818216000684,255.0460976001341,289.4733144000638,3.2730785000603646,"['component-csv_reader_component', 'component-nonstandard_column_remover_component', 'component-data_partition_component', 'component-ordinalencoder_component', 'component-robustscaler_component', 'component-linearsvc_component', 'component-ordinalencoder_applier_component', 'component-robustscaler_applier_component', 'component-linearsvc_applier_component', 'component-data_writer_component']"
Linearsvc Component 5,0.5452674897119342,-1,-1,0.27386289997957647,48.260893299942836,1496.1818216000684,255.0460976001341,289.4733144000638,3.143971199868247,"['component-csv_reader_component', 'component-nonstandard_column_remover_component', 'component-data_partition_component', 'component-onehotencoder_component', 'component-linearsvc_component', 'component-onehotencoder_applier_component', 'component-linearsvc_applier_component', 'component-data_writer_component']"
Logisticregression Component 0,0.7139917695473251,0.9423565925053714,0.751950739613656,0.27386289997957647,48.260893299942836,1496.1818216000684,255.0460976001341,289.4733144000638,2.945981999859214,"['component-csv_reader_component', 'component-nonstandard_column_remover_component', 'component-data_partition_component', 'component-ordinalencoder_component', 'component-minmaxscaler_component', 'component-logisticregression_component', 'component-ordinalencoder_applier_component', 'component-minmaxscaler_applier_component', 'component-logisticregression_applier_component', 'component-data_writer_component']"
Logisticregression Component 1,0.6975308641975309,0.9288996996198841,0.807559676673332,0.27386289997957647,48.260893299942836,1496.1818216000684,255.0460976001341,289.4733144000638,3.1076949001289904,"['component-csv_reader_component', 'component-nonstandard_column_remover_component', 'component-data_partition_component', 'component-ordinalencoder_component', 'component-quantiletransformer_component', 'component-logisticregression_component', 'component-ordinalencoder_applier_component', 'component-quantiletransformer_applier_component', 'component-logisticregression_applier_component', 'component-data_writer_component']"
Logisticregression Component 2,0.7304526748971193,0.9378091465788035,0.7655314208077347,0.27386289997957647,48.260893299942836,1496.1818216000684,255.0460976001341,289.4733144000638,2.918333100154996,"['component-csv_reader_component', 'component-nonstandard_column_remover_component', 'component-data_partition_component', 'component-onehotencoder_component', 'component-minmaxscaler_component', 'component-logisticregression_component', 'component-onehotencoder_applier_component', 'component-minmaxscaler_applier_component', 'component-logisticregression_applier_component', 'component-data_writer_component']"
Logisticregression Component 3,0.6522633744855967,0.9208531949427504,0.8143223056481111,0.27386289997957647,48.260893299942836,1496.1818216000684,255.0460976001341,289.4733144000638,3.143525900086388,"['component-csv_reader_component', 'component-nonstandard_column_remover_component', 'component-data_partition_component', 'component-onehotencoder_component', 'component-quantiletransformer_component', 'component-logisticregression_component', 'component-onehotencoder_applier_component', 'component-quantiletransformer_applier_component', 'component-logisticregression_applier_component', 'component-data_writer_component']"
Logisticregression Component 4,0.7139917695473251,0.9213487209326069,0.8443300957658082,0.27386289997957647,48.260893299942836,1496.1818216000684,255.0460976001341,289.4733144000638,3.1175019000656903,"['component-csv_reader_component', 'component-nonstandard_column_remover_component', 'component-data_partition_component', 'component-ordinalencoder_component', 'component-maxabsscaler_component', 'component-logisticregression_component', 'component-ordinalencoder_applier_component', 'component-maxabsscaler_applier_component', 'component-logisticregression_applier_component', 'component-data_writer_component']"
Logisticregression Component 5,0.46502057613168724,0.8122305121697054,1.2677922498357355,0.27386289997957647,48.260893299942836,1496.1818216000684,255.0460976001341,289.4733144000638,2.898352400166914,"['component-csv_reader_component', 'component-nonstandard_column_remover_component', 'component-data_partition_component', 'component-ordinalencoder_component', 'component-normalizer_component', 'component-logisticregression_component', 'component-ordinalencoder_applier_component', 'component-normalizer_applier_component', 'component-logisticregression_applier_component', 'component-data_writer_component']"
Logisticregression Component 6,0.6893004115226338,0.9245301309366474,0.8307161665701465,0.27386289997957647,48.260893299942836,1496.1818216000684,255.0460976001341,289.4733144000638,3.1575078000314534,"['component-csv_reader_component', 'component-nonstandard_column_remover_component', 'component-data_partition_component', 'component-onehotencoder_component', 'component-maxabsscaler_component', 'component-logisticregression_component', 'component-onehotencoder_applier_component', 'component-maxabsscaler_applier_component', 'component-logisticregression_applier_component', 'component-data_writer_component']"
Logisticregression Component 7,0.4897119341563786,0.813665905480453,1.248212776656389,0.27386289997957647,48.260893299942836,1496.1818216000684,255.0460976001341,289.4733144000638,2.95594729995355,"['component-csv_reader_component', 'component-nonstandard_column_remover_component', 'component-data_partition_component', 'component-onehotencoder_component', 'component-normalizer_component', 'component-logisticregression_component', 'component-onehotencoder_applier_component', 'component-normalizer_applier_component', 'component-logisticregression_applier_component', 'component-data_writer_component']"
Logisticregression Component 8,0.7325102880658436,0.9413417203359543,0.6917728517965337,0.27386289997957647,48.260893299942836,1496.1818216000684,255.0460976001341,289.4733144000638,2.9823712001089007,"['component-csv_reader_component', 'component-nonstandard_column_remover_component', 'component-data_partition_component', 'component-ordinalencoder_component', 'component-robustscaler_component', 'component-logisticregression_component', 'component-ordinalencoder_applier_component', 'component-robustscaler_applier_component', 'component-logisticregression_applier_component', 'component-data_writer_component']"
Logisticregression Component 9,0.7510288065843621,0.9446041349809712,0.6919163058028693,0.27386289997957647,48.260893299942836,1496.1818216000684,255.0460976001341,289.4733144000638,3.0478298000525683,"['component-csv_reader_component', 'component-nonstandard_column_remover_component', 'component-data_partition_component', 'component-onehotencoder_component', 'component-robustscaler_component', 'component-logisticregression_component', 'component-onehotencoder_applier_component', 'component-robustscaler_applier_component', 'component-logisticregression_applier_component', 'component-data_writer_component']"
Logisticregressioncv Component 0,0.7818930041152263,0.9562603057572668,0.5980131178018641,0.27386289997957647,48.260893299942836,1496.1818216000684,255.0460976001341,289.4733144000638,4.325915099820122,"['component-csv_reader_component', 'component-nonstandard_column_remover_component', 'component-data_partition_component', 'component-ordinalencoder_component', 'component-minmaxscaler_component', 'component-logisticregressioncv_component', 'component-ordinalencoder_applier_component', 'component-minmaxscaler_applier_component', 'component-logisticregressioncv_applier_component', 'component-data_writer_component']"
Logisticregressioncv Component 1,0.7592592592592593,0.9526734146289321,0.629669076855748,0.27386289997957647,48.260893299942836,1496.1818216000684,255.0460976001341,289.4733144000638,4.627874199999496,"['component-csv_reader_component', 'component-nonstandard_column_remover_component', 'component-data_partition_component', 'component-ordinalencoder_component', 'component-quantiletransformer_component', 'component-logisticregressioncv_component', 'component-ordinalencoder_applier_component', 'component-quantiletransformer_applier_component', 'component-logisticregressioncv_applier_component', 'component-data_writer_component']"
Logisticregressioncv Component 2,0.7366255144032922,0.9339726964526072,0.760777536315917,0.27386289997957647,48.260893299942836,1496.1818216000684,255.0460976001341,289.4733144000638,4.4050017001573,"['component-csv_reader_component', 'component-nonstandard_column_remover_component', 'component-data_partition_component', 'component-onehotencoder_component', 'component-minmaxscaler_component', 'component-logisticregressioncv_component', 'component-onehotencoder_applier_component', 'component-minmaxscaler_applier_component', 'component-logisticregressioncv_applier_component', 'component-data_writer_component']"
Logisticregressioncv Component 3,0.7839506172839507,0.9564709305222675,0.5827486013092269,0.27386289997957647,48.260893299942836,1496.1818216000684,255.0460976001341,289.4733144000638,4.516931199934334,"['component-csv_reader_component', 'component-nonstandard_column_remover_component', 'component-data_partition_component', 'component-onehotencoder_component', 'component-quantiletransformer_component', 'component-logisticregressioncv_component', 'component-onehotencoder_applier_component', 'component-quantiletransformer_applier_component', 'component-logisticregressioncv_applier_component', 'component-data_writer_component']"
Logisticregressioncv Component 4,0.7263374485596708,0.941453829965769,0.6985257487014205,0.27386289997957647,48.260893299942836,1496.1818216000684,255.0460976001341,289.4733144000638,5.053109599975869,"['component-csv_reader_component', 'component-nonstandard_column_remover_component', 'component-data_partition_component', 'component-ordinalencoder_component', 'component-maxabsscaler_component', 'component-logisticregressioncv_component', 'component-ordinalencoder_applier_component', 'component-maxabsscaler_applier_component', 'component-logisticregressioncv_applier_component', 'component-data_writer_component']"
Logisticregressioncv Component 5,0.5452674897119342,0.8376223350983775,1.1088058194518609,0.27386289997957647,48.260893299942836,1496.1818216000684,255.0460976001341,289.4733144000638,4.2355232001282275,"['component-csv_reader_component', 'component-nonstandard_column_remover_component', 'component-data_partition_component', 'component-ordinalencoder_component', 'component-normalizer_component', 'component-logisticregressioncv_component', 'component-ordinalencoder_applier_component', 'component-normalizer_applier_component', 'component-logisticregressioncv_applier_component', 'component-data_writer_component']"
Logisticregressioncv Component 6,0.779835390946502,0.9501468791621156,0.5920024464068099,0.27386289997957647,48.260893299942836,1496.1818216000684,255.0460976001341,289.4733144000638,4.41118529997766,"['component-csv_reader_component', 'component-nonstandard_column_remover_component', 'component-data_partition_component', 'component-onehotencoder_component', 'component-maxabsscaler_component', 'component-logisticregressioncv_component', 'component-onehotencoder_applier_component', 'component-maxabsscaler_applier_component', 'component-logisticregressioncv_applier_component', 'component-data_writer_component']"
Logisticregressioncv Component 7,0.5473251028806584,0.8366191329544961,1.1522814824948393,0.27386289997957647,48.260893299942836,1496.1818216000684,255.0460976001341,289.4733144000638,4.387653599958867,"['component-csv_reader_component', 'component-nonstandard_column_remover_component', 'component-data_partition_component', 'component-onehotencoder_component', 'component-normalizer_component', 'component-logisticregressioncv_component', 'component-onehotencoder_applier_component', 'component-normalizer_applier_component', 'component-logisticregressioncv_applier_component', 'component-data_writer_component']"
Logisticregressioncv Component 8,0.7695473251028807,0.9573699466803834,0.5757098759236646,0.27386289997957647,48.260893299942836,1496.1818216000684,255.0460976001341,289.4733144000638,4.432299100095406,"['component-csv_reader_component', 'component-nonstandard_column_remover_component', 'component-data_partition_component', 'component-ordinalencoder_component', 'component-robustscaler_component', 'component-logisticregressioncv_component', 'component-ordinalencoder_applier_component', 'component-robustscaler_applier_component', 'component-logisticregressioncv_applier_component', 'component-data_writer_component']"
Logisticregressioncv Component 9,0.7283950617283951,0.9436733464130896,0.6787880050951864,0.27386289997957647,48.260893299942836,1496.1818216000684,255.0460976001341,289.4733144000638,4.625366099877283,"['component-csv_reader_component', 'component-nonstandard_column_remover_component', 'component-data_partition_component', 'component-onehotencoder_component', 'component-robustscaler_component', 'component-logisticregressioncv_component', 'component-onehotencoder_applier_component', 'component-robustscaler_applier_component', 'component-logisticregressioncv_applier_component', 'component-data_writer_component']"
Mlpclassifier Component 0,0.7716049382716049,0.94852921063137,0.6461315052582265,0.27386289997957647,48.260893299942836,1496.1818216000684,255.0460976001341,289.4733144000638,3.09874020004645,"['component-csv_reader_component', 'component-nonstandard_column_remover_component', 'component-data_partition_component', 'component-ordinalencoder_component', 'component-minmaxscaler_component', 'component-mlpclassifier_component', 'component-ordinalencoder_applier_component', 'component-minmaxscaler_applier_component', 'component-mlpclassifier_applier_component', 'component-data_writer_component']"
Mlpclassifier Component 1,0.7613168724279835,0.960805392057358,0.5979916915164338,0.27386289997957647,48.260893299942836,1496.1818216000684,255.0460976001341,289.4733144000638,3.3489276999607682,"['component-csv_reader_component', 'component-nonstandard_column_remover_component', 'component-data_partition_component', 'component-ordinalencoder_component', 'component-quantiletransformer_component', 'component-mlpclassifier_component', 'component-ordinalencoder_applier_component', 'component-quantiletransformer_applier_component', 'component-mlpclassifier_applier_component', 'component-data_writer_component']"
Mlpclassifier Component 2,0.7366255144032922,0.9403224379791413,0.7003230539401432,0.27386289997957647,48.260893299942836,1496.1818216000684,255.0460976001341,289.4733144000638,3.4240703000687063,"['component-csv_reader_component', 'component-nonstandard_column_remover_component', 'component-data_partition_component', 'component-ordinalencoder_component', 'component-maxabsscaler_component', 'component-mlpclassifier_component', 'component-ordinalencoder_applier_component', 'component-maxabsscaler_applier_component', 'component-mlpclassifier_applier_component', 'component-data_writer_component']"
Mlpclassifier Component 3,0.48148148148148145,0.8212596806955258,1.2298607292570032,0.27386289997957647,48.260893299942836,1496.1818216000684,255.0460976001341,289.4733144000638,3.1200069000478834,"['component-csv_reader_component', 'component-nonstandard_column_remover_component', 'component-data_partition_component', 'component-ordinalencoder_component', 'component-normalizer_component', 'component-mlpclassifier_component', 'component-ordinalencoder_applier_component', 'component-normalizer_applier_component', 'component-mlpclassifier_applier_component', 'component-data_writer_component']"
Mlpclassifier Component 4,0.8786008230452675,0.9886697322066185,0.3549133766510358,0.27386289997957647,48.260893299942836,1496.1818216000684,255.0460976001341,289.4733144000638,3.292945999884978,"['component-csv_reader_component', 'component-nonstandard_column_remover_component', 'component-data_partition_component', 'component-ordinalencoder_component', 'component-robustscaler_component', 'component-mlpclassifier_component', 'component-ordinalencoder_applier_component', 'component-robustscaler_applier_component', 'component-mlpclassifier_applier_component', 'component-data_writer_component']"
Mlpclassifier Component 5,0.4053497942386831,0.5759499675775045,21.361647064645744,0.27386289997957647,48.260893299942836,1496.1818216000684,255.0460976001341,289.4733144000638,2.9481444000266492,"['component-csv_reader_component', 'component-nonstandard_column_remover_component', 'component-data_partition_component', 'component-onehotencoder_component', 'component-mlpclassifier_component', 'component-onehotencoder_applier_component', 'component-mlpclassifier_applier_component', 'component-data_writer_component']"
Multinomialnb Component 0,0.3045267489711934,0.6359743852095071,25.067401936266144,0.27386289997957647,48.260893299942836,1496.1818216000684,255.0460976001341,289.4733144000638,2.912575999973342,"['component-csv_reader_component', 'component-nonstandard_column_remover_component', 'component-data_partition_component', 'component-ordinalencoder_component', 'component-minmaxscaler_component', 'component-multinomialnb_component', 'component-ordinalencoder_applier_component', 'component-minmaxscaler_applier_component', 'component-multinomialnb_applier_component', 'component-data_writer_component']"
Multinomialnb Component 1,0.3559670781893004,0.6371174042132016,23.21329940492524,0.27386289997957647,48.260893299942836,1496.1818216000684,255.0460976001341,289.4733144000638,2.858172900043428,"['component-csv_reader_component', 'component-nonstandard_column_remover_component', 'component-data_partition_component', 'component-ordinalencoder_component', 'component-quantiletransformer_component', 'component-multinomialnb_component', 'component-ordinalencoder_applier_component', 'component-quantiletransformer_applier_component', 'component-multinomialnb_applier_component', 'component-data_writer_component']"
Multinomialnb Component 2,-1,-1,-1,0.27386289997957647,48.260893299942836,1496.1818216000684,255.0460976001341,289.4733144000638,2.8527231998741627,"['component-csv_reader_component', 'component-nonstandard_column_remover_component', 'component-data_partition_component', 'component-onehotencoder_component', 'component-multinomialnb_component', 'component-onehotencoder_applier_component', 'component-multinomialnb_applier_component', 'component-data_writer_component']"
Nearestcentroid Component 0,0.4876543209876543,0.8929995519523201,3.9606042852470424,0.27386289997957647,48.260893299942836,1496.1818216000684,255.0460976001341,289.4733144000638,3.178043499821797,"['component-csv_reader_component', 'component-nonstandard_column_remover_component', 'component-data_partition_component', 'component-ordinalencoder_component', 'component-minmaxscaler_component', 'component-nearestcentroid_component', 'component-ordinalencoder_applier_component', 'component-minmaxscaler_applier_component', 'component-nearestcentroid_applier_component', 'component-data_writer_component']"
Nearestcentroid Component 1,0.5432098765432098,0.8998893530937699,5.47234650468366,0.27386289997957647,48.260893299942836,1496.1818216000684,255.0460976001341,289.4733144000638,2.9204251999035478,"['component-csv_reader_component', 'component-nonstandard_column_remover_component', 'component-data_partition_component', 'component-ordinalencoder_component', 'component-quantiletransformer_component', 'component-nearestcentroid_component', 'component-ordinalencoder_applier_component', 'component-quantiletransformer_applier_component', 'component-nearestcentroid_applier_component', 'component-data_writer_component']"
Nearestcentroid Component 2,0.4567901234567901,0.887573773980555,4.966757173165628,0.27386289997957647,48.260893299942836,1496.1818216000684,255.0460976001341,289.4733144000638,3.2045563999563456,"['component-csv_reader_component', 'component-nonstandard_column_remover_component', 'component-data_partition_component', 'component-onehotencoder_component', 'component-minmaxscaler_component', 'component-nearestcentroid_component', 'component-onehotencoder_applier_component', 'component-minmaxscaler_applier_component', 'component-nearestcentroid_applier_component', 'component-data_writer_component']"
Nearestcentroid Component 3,0.46502057613168724,0.8840467613376537,6.142107590957179,0.27386289997957647,48.260893299942836,1496.1818216000684,255.0460976001341,289.4733144000638,2.953266999917105,"['component-csv_reader_component', 'component-nonstandard_column_remover_component', 'component-data_partition_component', 'component-onehotencoder_component', 'component-quantiletransformer_component', 'component-nearestcentroid_component', 'component-onehotencoder_applier_component', 'component-quantiletransformer_applier_component', 'component-nearestcentroid_applier_component', 'component-data_writer_component']"
Nearestcentroid Component 4,0.4567901234567901,0.888804936326962,3.8318088714190717,0.27386289997957647,48.260893299942836,1496.1818216000684,255.0460976001341,289.4733144000638,2.990892400033772,"['component-csv_reader_component', 'component-nonstandard_column_remover_component', 'component-data_partition_component', 'component-ordinalencoder_component', 'component-maxabsscaler_component', 'component-nearestcentroid_component', 'component-ordinalencoder_applier_component', 'component-maxabsscaler_applier_component', 'component-nearestcentroid_applier_component', 'component-data_writer_component']"
Nearestcentroid Component 5,0.2366255144032922,0.8086297537204213,4.194598903759964,0.27386289997957647,48.260893299942836,1496.1818216000684,255.0460976001341,289.4733144000638,2.8648129999637604,"['component-csv_reader_component', 'component-nonstandard_column_remover_component', 'component-data_partition_component', 'component-ordinalencoder_component', 'component-normalizer_component', 'component-nearestcentroid_component', 'component-ordinalencoder_applier_component', 'component-normalizer_applier_component', 'component-nearestcentroid_applier_component', 'component-data_writer_component']"
Nearestcentroid Component 6,0.4094650205761317,0.885962838305078,5.3667447043462255,0.27386289997957647,48.260893299942836,1496.1818216000684,255.0460976001341,289.4733144000638,3.1876002999488264,"['component-csv_reader_component', 'component-nonstandard_column_remover_component', 'component-data_partition_component', 'component-onehotencoder_component', 'component-maxabsscaler_component', 'component-nearestcentroid_component', 'component-onehotencoder_applier_component', 'component-maxabsscaler_applier_component', 'component-nearestcentroid_applier_component', 'component-data_writer_component']"
Nearestcentroid Component 7,0.2716049382716049,0.7832971449512218,5.939528537640717,0.27386289997957647,48.260893299942836,1496.1818216000684,255.0460976001341,289.4733144000638,3.080383999971673,"['component-csv_reader_component', 'component-nonstandard_column_remover_component', 'component-data_partition_component', 'component-onehotencoder_component', 'component-normalizer_component', 'component-nearestcentroid_component', 'component-onehotencoder_applier_component', 'component-normalizer_applier_component', 'component-nearestcentroid_applier_component', 'component-data_writer_component']"
Nearestcentroid Component 8,0.5637860082304527,0.9049344741748415,4.089034063341125,0.27386289997957647,48.260893299942836,1496.1818216000684,255.0460976001341,289.4733144000638,3.0079527001362294,"['component-csv_reader_component', 'component-nonstandard_column_remover_component', 'component-data_partition_component', 'component-ordinalencoder_component', 'component-robustscaler_component', 'component-nearestcentroid_component', 'component-ordinalencoder_applier_component', 'component-robustscaler_applier_component', 'component-nearestcentroid_applier_component', 'component-data_writer_component']"
Nearestcentroid Component 9,0.5740740740740741,0.8964655725477948,4.752914408433591,0.27386289997957647,48.260893299942836,1496.1818216000684,255.0460976001341,289.4733144000638,3.121034399839118,"['component-csv_reader_component', 'component-nonstandard_column_remover_component', 'component-data_partition_component', 'component-onehotencoder_component', 'component-robustscaler_component', 'component-nearestcentroid_component', 'component-onehotencoder_applier_component', 'component-robustscaler_applier_component', 'component-nearestcentroid_applier_component', 'component-data_writer_component']"
Nusvc Component 0,-1,-1,-1,0.27386289997957647,48.260893299942836,1496.1818216000684,255.0460976001341,289.4733144000638,2.9418591998983175,"['component-csv_reader_component', 'component-nonstandard_column_remover_component', 'component-data_partition_component', 'component-ordinalencoder_component', 'component-minmaxscaler_component', 'component-nusvc_component', 'component-ordinalencoder_applier_component', 'component-minmaxscaler_applier_component', 'component-nusvc_applier_component', 'component-data_writer_component']"
Nusvc Component 1,-1,-1,-1,0.27386289997957647,48.260893299942836,1496.1818216000684,255.0460976001341,289.4733144000638,2.9288461999967694,"['component-csv_reader_component', 'component-nonstandard_column_remover_component', 'component-data_partition_component', 'component-ordinalencoder_component', 'component-quantiletransformer_component', 'component-nusvc_component', 'component-ordinalencoder_applier_component', 'component-quantiletransformer_applier_component', 'component-nusvc_applier_component', 'component-data_writer_component']"
Nusvc Component 2,-1,-1,-1,0.27386289997957647,48.260893299942836,1496.1818216000684,255.0460976001341,289.4733144000638,2.9474798999726772,"['component-csv_reader_component', 'component-nonstandard_column_remover_component', 'component-data_partition_component', 'component-onehotencoder_component', 'component-minmaxscaler_component', 'component-nusvc_component', 'component-onehotencoder_applier_component', 'component-minmaxscaler_applier_component', 'component-nusvc_applier_component', 'component-data_writer_component']"
Nusvc Component 3,-1,-1,-1,0.27386289997957647,48.260893299942836,1496.1818216000684,255.0460976001341,289.4733144000638,3.0815276000648737,"['component-csv_reader_component', 'component-nonstandard_column_remover_component', 'component-data_partition_component', 'component-onehotencoder_component', 'component-quantiletransformer_component', 'component-nusvc_component', 'component-onehotencoder_applier_component', 'component-quantiletransformer_applier_component', 'component-nusvc_applier_component', 'component-data_writer_component']"
Nusvc Component 4,-1,-1,-1,0.27386289997957647,48.260893299942836,1496.1818216000684,255.0460976001341,289.4733144000638,3.0566780001390725,"['component-csv_reader_component', 'component-nonstandard_column_remover_component', 'component-data_partition_component', 'component-ordinalencoder_component', 'component-maxabsscaler_component', 'component-nusvc_component', 'component-ordinalencoder_applier_component', 'component-maxabsscaler_applier_component', 'component-nusvc_applier_component', 'component-data_writer_component']"
Nusvc Component 5,-1,-1,-1,0.27386289997957647,48.260893299942836,1496.1818216000684,255.0460976001341,289.4733144000638,2.8859373000450432,"['component-csv_reader_component', 'component-nonstandard_column_remover_component', 'component-data_partition_component', 'component-ordinalencoder_component', 'component-normalizer_component', 'component-nusvc_component', 'component-ordinalencoder_applier_component', 'component-normalizer_applier_component', 'component-nusvc_applier_component', 'component-data_writer_component']"
Nusvc Component 6,-1,-1,-1,0.27386289997957647,48.260893299942836,1496.1818216000684,255.0460976001341,289.4733144000638,2.928528199903667,"['component-csv_reader_component', 'component-nonstandard_column_remover_component', 'component-data_partition_component', 'component-onehotencoder_component', 'component-maxabsscaler_component', 'component-nusvc_component', 'component-onehotencoder_applier_component', 'component-maxabsscaler_applier_component', 'component-nusvc_applier_component', 'component-data_writer_component']"
Nusvc Component 7,-1,-1,-1,0.27386289997957647,48.260893299942836,1496.1818216000684,255.0460976001341,289.4733144000638,2.8527772000525147,"['component-csv_reader_component', 'component-nonstandard_column_remover_component', 'component-data_partition_component', 'component-onehotencoder_component', 'component-normalizer_component', 'component-nusvc_component', 'component-onehotencoder_applier_component', 'component-normalizer_applier_component', 'component-nusvc_applier_component', 'component-data_writer_component']"
Nusvc Component 8,-1,-1,-1,0.27386289997957647,48.260893299942836,1496.1818216000684,255.0460976001341,289.4733144000638,2.890067300060764,"['component-csv_reader_component', 'component-nonstandard_column_remover_component', 'component-data_partition_component', 'component-ordinalencoder_component', 'component-robustscaler_component', 'component-nusvc_component', 'component-ordinalencoder_applier_component', 'component-robustscaler_applier_component', 'component-nusvc_applier_component', 'component-data_writer_component']"
Nusvc Component 9,-1,-1,-1,0.27386289997957647,48.260893299942836,1496.1818216000684,255.0460976001341,289.4733144000638,3.0375568999443203,"['component-csv_reader_component', 'component-nonstandard_column_remover_component', 'component-data_partition_component', 'component-onehotencoder_component', 'component-robustscaler_component', 'component-nusvc_component', 'component-onehotencoder_applier_component', 'component-robustscaler_applier_component', 'component-nusvc_applier_component', 'component-data_writer_component']"
Passiveaggressiveclassifier Component 0,0.6666666666666666,-1,-1,0.27386289997957647,48.260893299942836,1496.1818216000684,255.0460976001341,289.4733144000638,3.0903943001758307,"['component-csv_reader_component', 'component-nonstandard_column_remover_component', 'component-data_partition_component', 'component-ordinalencoder_component', 'component-minmaxscaler_component', 'component-passiveaggressiveclassifier_component', 'component-ordinalencoder_applier_component', 'component-minmaxscaler_applier_component', 'component-passiveaggressiveclassifier_applier_component', 'component-data_writer_component']"
Passiveaggressiveclassifier Component 1,0.6008230452674898,-1,-1,0.27386289997957647,48.260893299942836,1496.1818216000684,255.0460976001341,289.4733144000638,2.9945559999905527,"['component-csv_reader_component', 'component-nonstandard_column_remover_component', 'component-data_partition_component', 'component-ordinalencoder_component', 'component-quantiletransformer_component', 'component-passiveaggressiveclassifier_component', 'component-ordinalencoder_applier_component', 'component-quantiletransformer_applier_component', 'component-passiveaggressiveclassifier_applier_component', 'component-data_writer_component']"
Passiveaggressiveclassifier Component 2,0.5617283950617284,-1,-1,0.27386289997957647,48.260893299942836,1496.1818216000684,255.0460976001341,289.4733144000638,2.901536100078374,"['component-csv_reader_component', 'component-nonstandard_column_remover_component', 'component-data_partition_component', 'component-ordinalencoder_component', 'component-maxabsscaler_component', 'component-passiveaggressiveclassifier_component', 'component-ordinalencoder_applier_component', 'component-maxabsscaler_applier_component', 'component-passiveaggressiveclassifier_applier_component', 'component-data_writer_component']"
Passiveaggressiveclassifier Component 3,0.33127572016460904,-1,-1,0.27386289997957647,48.260893299942836,1496.1818216000684,255.0460976001341,289.4733144000638,2.961707399925217,"['component-csv_reader_component', 'component-nonstandard_column_remover_component', 'component-data_partition_component', 'component-ordinalencoder_component', 'component-normalizer_component', 'component-passiveaggressiveclassifier_component', 'component-ordinalencoder_applier_component', 'component-normalizer_applier_component', 'component-passiveaggressiveclassifier_applier_component', 'component-data_writer_component']"
Passiveaggressiveclassifier Component 4,0.6131687242798354,-1,-1,0.27386289997957647,48.260893299942836,1496.1818216000684,255.0460976001341,289.4733144000638,2.858522600028664,"['component-csv_reader_component', 'component-nonstandard_column_remover_component', 'component-data_partition_component', 'component-ordinalencoder_component', 'component-robustscaler_component', 'component-passiveaggressiveclassifier_component', 'component-ordinalencoder_applier_component', 'component-robustscaler_applier_component', 'component-passiveaggressiveclassifier_applier_component', 'component-data_writer_component']"
Passiveaggressiveclassifier Component 5,0.294238683127572,-1,-1,0.27386289997957647,48.260893299942836,1496.1818216000684,255.0460976001341,289.4733144000638,3.0976723001804203,"['component-csv_reader_component', 'component-nonstandard_column_remover_component', 'component-data_partition_component', 'component-onehotencoder_component', 'component-passiveaggressiveclassifier_component', 'component-onehotencoder_applier_component', 'component-passiveaggressiveclassifier_applier_component', 'component-data_writer_component']"
Quadraticdiscriminantanalysis Component 0,-1,-1,-1,0.27386289997957647,48.260893299942836,1496.1818216000684,255.0460976001341,289.4733144000638,3.0408142001833767,"['component-csv_reader_component', 'component-nonstandard_column_remover_component', 'component-data_partition_component', 'component-onehotencoder_component', 'component-quadraticdiscriminantanalysis_component', 'component-onehotencoder_applier_component', 'component-quadraticdiscriminantanalysis_applier_component', 'component-data_writer_component']"
Radiusneighborsclassifier Component 0,0.654320987654321,0.9197471914197243,0.8688596977419857,0.27386289997957647,48.260893299942836,1496.1818216000684,255.0460976001341,289.4733144000638,5.3937655000481755,"['component-csv_reader_component', 'component-nonstandard_column_remover_component', 'component-data_partition_component', 'component-ordinalencoder_component', 'component-minmaxscaler_component', 'component-radiusneighborsclassifier_component', 'component-ordinalencoder_applier_component', 'component-minmaxscaler_applier_component', 'component-radiusneighborsclassifier_applier_component', 'component-data_writer_component']"
Radiusneighborsclassifier Component 1,0.7983539094650206,0.9720083077766908,0.47610263732557107,0.27386289997957647,48.260893299942836,1496.1818216000684,255.0460976001341,289.4733144000638,4.461212700000033,"['component-csv_reader_component', 'component-nonstandard_column_remover_component', 'component-data_partition_component', 'component-ordinalencoder_component', 'component-quantiletransformer_component', 'component-radiusneighborsclassifier_component', 'component-ordinalencoder_applier_component', 'component-quantiletransformer_applier_component', 'component-radiusneighborsclassifier_applier_component', 'component-data_writer_component']"
Radiusneighborsclassifier Component 2,0.6707818930041153,0.9299226038169791,0.7942742483286365,0.27386289997957647,48.260893299942836,1496.1818216000684,255.0460976001341,289.4733144000638,4.569654499879107,"['component-csv_reader_component', 'component-nonstandard_column_remover_component', 'component-data_partition_component', 'component-onehotencoder_component', 'component-minmaxscaler_component', 'component-radiusneighborsclassifier_component', 'component-onehotencoder_applier_component', 'component-minmaxscaler_applier_component', 'component-radiusneighborsclassifier_applier_component', 'component-data_writer_component']"
Radiusneighborsclassifier Component 3,0.7695473251028807,0.9695200372227751,0.4759500262452747,0.27386289997957647,48.260893299942836,1496.1818216000684,255.0460976001341,289.4733144000638,4.492976000066847,"['component-csv_reader_component', 'component-nonstandard_column_remover_component', 'component-data_partition_component', 'component-onehotencoder_component', 'component-quantiletransformer_component', 'component-radiusneighborsclassifier_component', 'component-onehotencoder_applier_component', 'component-quantiletransformer_applier_component', 'component-radiusneighborsclassifier_applier_component', 'component-data_writer_component']"
Radiusneighborsclassifier Component 4,0.6296296296296297,0.9135365465089638,0.856861971719971,0.27386289997957647,48.260893299942836,1496.1818216000684,255.0460976001341,289.4733144000638,4.670569899957627,"['component-csv_reader_component', 'component-nonstandard_column_remover_component', 'component-data_partition_component', 'component-ordinalencoder_component', 'component-maxabsscaler_component', 'component-radiusneighborsclassifier_component', 'component-ordinalencoder_applier_component', 'component-maxabsscaler_applier_component', 'component-radiusneighborsclassifier_applier_component', 'component-data_writer_component']"
Radiusneighborsclassifier Component 5,0.4588477366255144,0.7849393737235146,1.2873271439048162,0.27386289997957647,48.260893299942836,1496.1818216000684,255.0460976001341,289.4733144000638,4.685515800025314,"['component-csv_reader_component', 'component-nonstandard_column_remover_component', 'component-data_partition_component', 'component-ordinalencoder_component', 'component-normalizer_component', 'component-radiusneighborsclassifier_component', 'component-ordinalencoder_applier_component', 'component-normalizer_applier_component', 'component-radiusneighborsclassifier_applier_component', 'component-data_writer_component']"
Radiusneighborsclassifier Component 6,0.6522633744855967,0.9137554530191048,0.8862130037954308,0.27386289997957647,48.260893299942836,1496.1818216000684,255.0460976001341,289.4733144000638,4.310300700133666,"['component-csv_reader_component', 'component-nonstandard_column_remover_component', 'component-data_partition_component', 'component-onehotencoder_component', 'component-maxabsscaler_component', 'component-radiusneighborsclassifier_component', 'component-onehotencoder_applier_component', 'component-maxabsscaler_applier_component', 'component-radiusneighborsclassifier_applier_component', 'component-data_writer_component']"
Radiusneighborsclassifier Component 7,0.448559670781893,0.8062633013962033,1.2978353801334004,0.27386289997957647,48.260893299942836,1496.1818216000684,255.0460976001341,289.4733144000638,4.053437599912286,"['component-csv_reader_component', 'component-nonstandard_column_remover_component', 'component-data_partition_component', 'component-onehotencoder_component', 'component-normalizer_component', 'component-radiusneighborsclassifier_component', 'component-onehotencoder_applier_component', 'component-normalizer_applier_component', 'component-radiusneighborsclassifier_applier_component', 'component-data_writer_component']"
Radiusneighborsclassifier Component 8,0.9609053497942387,0.9992743523720299,0.06251403584847963,0.27386289997957647,48.260893299942836,1496.1818216000684,255.0460976001341,289.4733144000638,4.081648099934682,"['component-csv_reader_component', 'component-nonstandard_column_remover_component', 'component-data_partition_component', 'component-ordinalencoder_component', 'component-robustscaler_component', 'component-radiusneighborsclassifier_component', 'component-ordinalencoder_applier_component', 'component-robustscaler_applier_component', 'component-radiusneighborsclassifier_applier_component', 'component-data_writer_component']"
Radiusneighborsclassifier Component 9,0.9609053497942387,0.9991095074976482,0.06003904759550405,0.27386289997957647,48.260893299942836,1496.1818216000684,255.0460976001341,289.4733144000638,4.202757999999449,"['component-csv_reader_component', 'component-nonstandard_column_remover_component', 'component-data_partition_component', 'component-onehotencoder_component', 'component-robustscaler_component', 'component-radiusneighborsclassifier_component', 'component-onehotencoder_applier_component', 'component-robustscaler_applier_component', 'component-radiusneighborsclassifier_applier_component', 'component-data_writer_component']"
Randomforestclassifier Component 0,1.0,1.0,0.1762983900958093,0.27386289997957647,48.260893299942836,1496.1818216000684,255.0460976001341,289.4733144000638,2.9159687000792474,"['component-csv_reader_component', 'component-nonstandard_column_remover_component', 'component-data_partition_component', 'component-ordinalencoder_component', 'component-randomforestclassifier_component', 'component-ordinalencoder_applier_component', 'component-randomforestclassifier_applier_component', 'component-data_writer_component']"
Randomforestclassifier Component 1,1.0,1.0,0.17147811745834887,0.27386289997957647,48.260893299942836,1496.1818216000684,255.0460976001341,289.4733144000638,2.9506212000269443,"['component-csv_reader_component', 'component-nonstandard_column_remover_component', 'component-data_partition_component', 'component-onehotencoder_component', 'component-randomforestclassifier_component', 'component-onehotencoder_applier_component', 'component-randomforestclassifier_applier_component', 'component-data_writer_component']"
Ridgeclassifier Component 0,0.6851851851851852,-1,-1,0.27386289997957647,48.260893299942836,1496.1818216000684,255.0460976001341,289.4733144000638,2.7011305999476463,"['component-csv_reader_component', 'component-nonstandard_column_remover_component', 'component-data_partition_component', 'component-ordinalencoder_component', 'component-minmaxscaler_component', 'component-ridgeclassifier_component', 'component-ordinalencoder_applier_component', 'component-minmaxscaler_applier_component', 'component-ridgeclassifier_applier_component', 'component-data_writer_component']"
Ridgeclassifier Component 1,0.6584362139917695,-1,-1,0.27386289997957647,48.260893299942836,1496.1818216000684,255.0460976001341,289.4733144000638,2.6046111001633108,"['component-csv_reader_component', 'component-nonstandard_column_remover_component', 'component-data_partition_component', 'component-ordinalencoder_component', 'component-quantiletransformer_component', 'component-ridgeclassifier_component', 'component-ordinalencoder_applier_component', 'component-quantiletransformer_applier_component', 'component-ridgeclassifier_applier_component', 'component-data_writer_component']"
Ridgeclassifier Component 2,0.6790123456790124,-1,-1,0.27386289997957647,48.260893299942836,1496.1818216000684,255.0460976001341,289.4733144000638,2.6267601000145078,"['component-csv_reader_component', 'component-nonstandard_column_remover_component', 'component-data_partition_component', 'component-onehotencoder_component', 'component-minmaxscaler_component', 'component-ridgeclassifier_component', 'component-onehotencoder_applier_component', 'component-minmaxscaler_applier_component', 'component-ridgeclassifier_applier_component', 'component-data_writer_component']"
Ridgeclassifier Component 3,0.6646090534979424,-1,-1,0.27386289997957647,48.260893299942836,1496.1818216000684,255.0460976001341,289.4733144000638,2.674261699896306,"['component-csv_reader_component', 'component-nonstandard_column_remover_component', 'component-data_partition_component', 'component-onehotencoder_component', 'component-quantiletransformer_component', 'component-ridgeclassifier_component', 'component-onehotencoder_applier_component', 'component-quantiletransformer_applier_component', 'component-ridgeclassifier_applier_component', 'component-data_writer_component']"
Ridgeclassifier Component 4,0.6728395061728395,-1,-1,0.27386289997957647,48.260893299942836,1496.1818216000684,255.0460976001341,289.4733144000638,2.6890662000514567,"['component-csv_reader_component', 'component-nonstandard_column_remover_component', 'component-data_partition_component', 'component-ordinalencoder_component', 'component-maxabsscaler_component', 'component-ridgeclassifier_component', 'component-ordinalencoder_applier_component', 'component-maxabsscaler_applier_component', 'component-ridgeclassifier_applier_component', 'component-data_writer_component']"
Ridgeclassifier Component 5,0.4609053497942387,-1,-1,0.27386289997957647,48.260893299942836,1496.1818216000684,255.0460976001341,289.4733144000638,2.631265399977565,"['component-csv_reader_component', 'component-nonstandard_column_remover_component', 'component-data_partition_component', 'component-ordinalencoder_component', 'component-normalizer_component', 'component-ridgeclassifier_component', 'component-ordinalencoder_applier_component', 'component-normalizer_applier_component', 'component-ridgeclassifier_applier_component', 'component-data_writer_component']"
Ridgeclassifier Component 6,0.6563786008230452,-1,-1,0.27386289997957647,48.260893299942836,1496.1818216000684,255.0460976001341,289.4733144000638,2.7681249999441206,"['component-csv_reader_component', 'component-nonstandard_column_remover_component', 'component-data_partition_component', 'component-onehotencoder_component', 'component-maxabsscaler_component', 'component-ridgeclassifier_component', 'component-onehotencoder_applier_component', 'component-maxabsscaler_applier_component', 'component-ridgeclassifier_applier_component', 'component-data_writer_component']"
Ridgeclassifier Component 7,0.44238683127572015,-1,-1,0.27386289997957647,48.260893299942836,1496.1818216000684,255.0460976001341,289.4733144000638,2.679824100108817,"['component-csv_reader_component', 'component-nonstandard_column_remover_component', 'component-data_partition_component', 'component-onehotencoder_component', 'component-normalizer_component', 'component-ridgeclassifier_component', 'component-onehotencoder_applier_component', 'component-normalizer_applier_component', 'component-ridgeclassifier_applier_component', 'component-data_writer_component']"
Ridgeclassifier Component 8,0.6748971193415638,-1,-1,0.27386289997957647,48.260893299942836,1496.1818216000684,255.0460976001341,289.4733144000638,2.641511300113052,"['component-csv_reader_component', 'component-nonstandard_column_remover_component', 'component-data_partition_component', 'component-ordinalencoder_component', 'component-robustscaler_component', 'component-ridgeclassifier_component', 'component-ordinalencoder_applier_component', 'component-robustscaler_applier_component', 'component-ridgeclassifier_applier_component', 'component-data_writer_component']"
Ridgeclassifier Component 9,0.691358024691358,-1,-1,0.27386289997957647,48.260893299942836,1496.1818216000684,255.0460976001341,289.4733144000638,2.632232300005853,"['component-csv_reader_component', 'component-nonstandard_column_remover_component', 'component-data_partition_component', 'component-onehotencoder_component', 'component-robustscaler_component', 'component-ridgeclassifier_component', 'component-onehotencoder_applier_component', 'component-robustscaler_applier_component', 'component-ridgeclassifier_applier_component', 'component-data_writer_component']"
Ridgeclassifiercv Component 0,0.6728395061728395,-1,-1,0.27386289997957647,48.260893299942836,1496.1818216000684,255.0460976001341,289.4733144000638,2.5925914999097586,"['component-csv_reader_component', 'component-nonstandard_column_remover_component', 'component-data_partition_component', 'component-ordinalencoder_component', 'component-minmaxscaler_component', 'component-ridgeclassifiercv_component', 'component-ordinalencoder_applier_component', 'component-minmaxscaler_applier_component', 'component-ridgeclassifiercv_applier_component', 'component-data_writer_component']"
Ridgeclassifiercv Component 1,0.691358024691358,-1,-1,0.27386289997957647,48.260893299942836,1496.1818216000684,255.0460976001341,289.4733144000638,2.663882700027898,"['component-csv_reader_component', 'component-nonstandard_column_remover_component', 'component-data_partition_component', 'component-ordinalencoder_component', 'component-quantiletransformer_component', 'component-ridgeclassifiercv_component', 'component-ordinalencoder_applier_component', 'component-quantiletransformer_applier_component', 'component-ridgeclassifiercv_applier_component', 'component-data_writer_component']"
Ridgeclassifiercv Component 2,0.6296296296296297,-1,-1,0.27386289997957647,48.260893299942836,1496.1818216000684,255.0460976001341,289.4733144000638,2.688813100103289,"['component-csv_reader_component', 'component-nonstandard_column_remover_component', 'component-data_partition_component', 'component-ordinalencoder_component', 'component-maxabsscaler_component', 'component-ridgeclassifiercv_component', 'component-ordinalencoder_applier_component', 'component-maxabsscaler_applier_component', 'component-ridgeclassifiercv_applier_component', 'component-data_writer_component']"
Ridgeclassifiercv Component 3,0.49588477366255146,-1,-1,0.27386289997957647,48.260893299942836,1496.1818216000684,255.0460976001341,289.4733144000638,2.614248299971223,"['component-csv_reader_component', 'component-nonstandard_column_remover_component', 'component-data_partition_component', 'component-ordinalencoder_component', 'component-normalizer_component', 'component-ridgeclassifiercv_component', 'component-ordinalencoder_applier_component', 'component-normalizer_applier_component', 'component-ridgeclassifiercv_applier_component', 'component-data_writer_component']"
Ridgeclassifiercv Component 4,0.6975308641975309,-1,-1,0.27386289997957647,48.260893299942836,1496.1818216000684,255.0460976001341,289.4733144000638,2.638194200117141,"['component-csv_reader_component', 'component-nonstandard_column_remover_component', 'component-data_partition_component', 'component-ordinalencoder_component', 'component-robustscaler_component', 'component-ridgeclassifiercv_component', 'component-ordinalencoder_applier_component', 'component-robustscaler_applier_component', 'component-ridgeclassifiercv_applier_component', 'component-data_writer_component']"
Ridgeclassifiercv Component 5,0.6728395061728395,-1,-1,0.27386289997957647,48.260893299942836,1496.1818216000684,255.0460976001341,289.4733144000638,2.5942118999082595,"['component-csv_reader_component', 'component-nonstandard_column_remover_component', 'component-data_partition_component', 'component-onehotencoder_component', 'component-ridgeclassifiercv_component', 'component-onehotencoder_applier_component', 'component-ridgeclassifiercv_applier_component', 'component-data_writer_component']"
Selftrainingclassifier Component 0,-1,-1,-1,0.27386289997957647,48.260893299942836,1496.1818216000684,255.0460976001341,289.4733144000638,2.635053899837658,"['component-csv_reader_component', 'component-nonstandard_column_remover_component', 'component-data_partition_component', 'component-selftrainingclassifier_component', 'component-selftrainingclassifier_applier_component', 'component-data_writer_component']"
Sgdclassifier Component 0,0.7078189300411523,-1,-1,0.27386289997957647,48.260893299942836,1496.1818216000684,255.0460976001341,289.4733144000638,2.7512473999522626,"['component-csv_reader_component', 'component-nonstandard_column_remover_component', 'component-data_partition_component', 'component-ordinalencoder_component', 'component-minmaxscaler_component', 'component-sgdclassifier_component', 'component-ordinalencoder_applier_component', 'component-minmaxscaler_applier_component', 'component-sgdclassifier_applier_component', 'component-data_writer_component']"
Sgdclassifier Component 1,0.676954732510288,-1,-1,0.27386289997957647,48.260893299942836,1496.1818216000684,255.0460976001341,289.4733144000638,2.797698999987915,"['component-csv_reader_component', 'component-nonstandard_column_remover_component', 'component-data_partition_component', 'component-ordinalencoder_component', 'component-quantiletransformer_component', 'component-sgdclassifier_component', 'component-ordinalencoder_applier_component', 'component-quantiletransformer_applier_component', 'component-sgdclassifier_applier_component', 'component-data_writer_component']"
Sgdclassifier Component 2,0.6193415637860082,-1,-1,0.27386289997957647,48.260893299942836,1496.1818216000684,255.0460976001341,289.4733144000638,2.580014199949801,"['component-csv_reader_component', 'component-nonstandard_column_remover_component', 'component-data_partition_component', 'component-ordinalencoder_component', 'component-maxabsscaler_component', 'component-sgdclassifier_component', 'component-ordinalencoder_applier_component', 'component-maxabsscaler_applier_component', 'component-sgdclassifier_applier_component', 'component-data_writer_component']"
Sgdclassifier Component 3,0.38477366255144035,-1,-1,0.27386289997957647,48.260893299942836,1496.1818216000684,255.0460976001341,289.4733144000638,2.5810106999706477,"['component-csv_reader_component', 'component-nonstandard_column_remover_component', 'component-data_partition_component', 'component-ordinalencoder_component', 'component-normalizer_component', 'component-sgdclassifier_component', 'component-ordinalencoder_applier_component', 'component-normalizer_applier_component', 'component-sgdclassifier_applier_component', 'component-data_writer_component']"
Sgdclassifier Component 4,0.6316872427983539,-1,-1,0.27386289997957647,48.260893299942836,1496.1818216000684,255.0460976001341,289.4733144000638,2.590199999976903,"['component-csv_reader_component', 'component-nonstandard_column_remover_component', 'component-data_partition_component', 'component-ordinalencoder_component', 'component-robustscaler_component', 'component-sgdclassifier_component', 'component-ordinalencoder_applier_component', 'component-robustscaler_applier_component', 'component-sgdclassifier_applier_component', 'component-data_writer_component']"
Sgdclassifier Component 5,0.36213991769547327,-1,-1,0.27386289997957647,48.260893299942836,1496.1818216000684,255.0460976001341,289.4733144000638,2.7244325999636203,"['component-csv_reader_component', 'component-nonstandard_column_remover_component', 'component-data_partition_component', 'component-onehotencoder_component', 'component-sgdclassifier_component', 'component-onehotencoder_applier_component', 'component-sgdclassifier_applier_component', 'component-data_writer_component']"
Svc Component 0,0.742798353909465,-1,-1,0.27386289997957647,48.260893299942836,1496.1818216000684,255.0460976001341,289.4733144000638,2.63246320001781,"['component-csv_reader_component', 'component-nonstandard_column_remover_component', 'component-data_partition_component', 'component-ordinalencoder_component', 'component-minmaxscaler_component', 'component-svc_component', 'component-ordinalencoder_applier_component', 'component-minmaxscaler_applier_component', 'component-svc_applier_component', 'component-data_writer_component']"
Svc Component 1,0.7839506172839507,-1,-1,0.27386289997957647,48.260893299942836,1496.1818216000684,255.0460976001341,289.4733144000638,2.71406690008007,"['component-csv_reader_component', 'component-nonstandard_column_remover_component', 'component-data_partition_component', 'component-ordinalencoder_component', 'component-quantiletransformer_component', 'component-svc_component', 'component-ordinalencoder_applier_component', 'component-quantiletransformer_applier_component', 'component-svc_applier_component', 'component-data_writer_component']"
Svc Component 2,0.6666666666666666,-1,-1,0.27386289997957647,48.260893299942836,1496.1818216000684,255.0460976001341,289.4733144000638,2.70499960007146,"['component-csv_reader_component', 'component-nonstandard_column_remover_component', 'component-data_partition_component', 'component-onehotencoder_component', 'component-minmaxscaler_component', 'component-svc_component', 'component-onehotencoder_applier_component', 'component-minmaxscaler_applier_component', 'component-svc_applier_component', 'component-data_writer_component']"
Svc Component 3,0.779835390946502,-1,-1,0.27386289997957647,48.260893299942836,1496.1818216000684,255.0460976001341,289.4733144000638,2.655799699947238,"['component-csv_reader_component', 'component-nonstandard_column_remover_component', 'component-data_partition_component', 'component-onehotencoder_component', 'component-quantiletransformer_component', 'component-svc_component', 'component-onehotencoder_applier_component', 'component-quantiletransformer_applier_component', 'component-svc_applier_component', 'component-data_writer_component']"
Svc Component 4,0.6995884773662552,-1,-1,0.27386289997957647,48.260893299942836,1496.1818216000684,255.0460976001341,289.4733144000638,2.548136900179088,"['component-csv_reader_component', 'component-nonstandard_column_remover_component', 'component-data_partition_component', 'component-ordinalencoder_component', 'component-maxabsscaler_component', 'component-svc_component', 'component-ordinalencoder_applier_component', 'component-maxabsscaler_applier_component', 'component-svc_applier_component', 'component-data_writer_component']"
Svc Component 5,0.5,-1,-1,0.27386289997957647,48.260893299942836,1496.1818216000684,255.0460976001341,289.4733144000638,2.658587699988857,"['component-csv_reader_component', 'component-nonstandard_column_remover_component', 'component-data_partition_component', 'component-ordinalencoder_component', 'component-normalizer_component', 'component-svc_component', 'component-ordinalencoder_applier_component', 'component-normalizer_applier_component', 'component-svc_applier_component', 'component-data_writer_component']"
Svc Component 6,0.6604938271604939,-1,-1,0.27386289997957647,48.260893299942836,1496.1818216000684,255.0460976001341,289.4733144000638,2.743169300025329,"['component-csv_reader_component', 'component-nonstandard_column_remover_component', 'component-data_partition_component', 'component-onehotencoder_component', 'component-maxabsscaler_component', 'component-svc_component', 'component-onehotencoder_applier_component', 'component-maxabsscaler_applier_component', 'component-svc_applier_component', 'component-data_writer_component']"
Svc Component 7,0.4876543209876543,-1,-1,0.27386289997957647,48.260893299942836,1496.1818216000684,255.0460976001341,289.4733144000638,2.8760899000335485,"['component-csv_reader_component', 'component-nonstandard_column_remover_component', 'component-data_partition_component', 'component-onehotencoder_component', 'component-normalizer_component', 'component-svc_component', 'component-onehotencoder_applier_component', 'component-normalizer_applier_component', 'component-svc_applier_component', 'component-data_writer_component']"
Svc Component 8,0.654320987654321,-1,-1,0.27386289997957647,48.260893299942836,1496.1818216000684,255.0460976001341,289.4733144000638,2.5984828998334706,"['component-csv_reader_component', 'component-nonstandard_column_remover_component', 'component-data_partition_component', 'component-ordinalencoder_component', 'component-robustscaler_component', 'component-svc_component', 'component-ordinalencoder_applier_component', 'component-robustscaler_applier_component', 'component-svc_applier_component', 'component-data_writer_component']"
Svc Component 9,0.5781893004115226,-1,-1,0.27386289997957647,48.260893299942836,1496.1818216000684,255.0460976001341,289.4733144000638,2.7546331000048667,"['component-csv_reader_component', 'component-nonstandard_column_remover_component', 'component-data_partition_component', 'component-onehotencoder_component', 'component-robustscaler_component', 'component-svc_component', 'component-onehotencoder_applier_component', 'component-robustscaler_applier_component', 'component-svc_applier_component', 'component-data_writer_component']"
