name,accuracy,auc,logloss,annotator_time,abstract_planner_time,logical_planner_time,workflow_builder_time,translator_time,execution_time,plan
Adaboostclassifier Component 0,0.98136,0.8476774457868925,0.3557907383490489,5.999458800069988,49.45166090014391,4008.950901000062,358.065285500139,361.2776129001286,31.423521999968216,"['component-csv_reader_component', 'component-nonstandard_column_remover_component', 'component-data_partition_component', 'component-simpleimputergeneric_component', 'component-ordinalencoder_component', 'component-adaboostclassifier_component', 'component-simpleimputergeneric_applier_component', 'component-ordinalencoder_applier_component', 'component-adaboostclassifier_applier_component', 'component-data_writer_component']"
Adaboostclassifier Component 1,0.98136,0.8388171831960621,0.3103991259911578,5.999458800069988,49.45166090014391,4008.950901000062,358.065285500139,361.2776129001286,33.801964999875054,"['component-csv_reader_component', 'component-nonstandard_column_remover_component', 'component-data_partition_component', 'component-simpleimputergeneric_component', 'component-onehotencoder_component', 'component-adaboostclassifier_component', 'component-simpleimputergeneric_applier_component', 'component-onehotencoder_applier_component', 'component-adaboostclassifier_applier_component', 'component-data_writer_component']"
Baggingclassifier Component 0,0.99656,0.9998860324070202,0.016938575597038392,5.999458800069988,49.45166090014391,4008.950901000062,358.065285500139,361.2776129001286,15.553091999841854,"['component-csv_reader_component', 'component-nonstandard_column_remover_component', 'component-data_partition_component', 'component-simpleimputergeneric_component', 'component-ordinalencoder_component', 'component-baggingclassifier_component', 'component-simpleimputergeneric_applier_component', 'component-ordinalencoder_applier_component', 'component-baggingclassifier_applier_component', 'component-data_writer_component']"
Baggingclassifier Component 1,0.99552,0.9999632637338531,0.01700867706382112,5.999458800069988,49.45166090014391,4008.950901000062,358.065285500139,361.2776129001286,18.624102199915797,"['component-csv_reader_component', 'component-nonstandard_column_remover_component', 'component-data_partition_component', 'component-simpleimputergeneric_component', 'component-onehotencoder_component', 'component-baggingclassifier_component', 'component-simpleimputergeneric_applier_component', 'component-onehotencoder_applier_component', 'component-baggingclassifier_applier_component', 'component-data_writer_component']"
Bernoullinb Component 0,0.92864,0.7416518334182229,0.44340300172536545,5.999458800069988,49.45166090014391,4008.950901000062,358.065285500139,361.2776129001286,10.877667299937457,"['component-csv_reader_component', 'component-nonstandard_column_remover_component', 'component-data_partition_component', 'component-simpleimputergeneric_component', 'component-ordinalencoder_component', 'component-binarizer_component', 'component-bernoullinb_component', 'component-simpleimputergeneric_applier_component', 'component-ordinalencoder_applier_component', 'component-binarizer_applier_component', 'component-bernoullinb_applier_component', 'component-data_writer_component']"
Bernoullinb Component 1,0.90144,0.7623315018292348,0.6139582927529734,5.999458800069988,49.45166090014391,4008.950901000062,358.065285500139,361.2776129001286,14.995127900037915,"['component-csv_reader_component', 'component-nonstandard_column_remover_component', 'component-data_partition_component', 'component-simpleimputergeneric_component', 'component-onehotencoder_component', 'component-binarizer_component', 'component-bernoullinb_component', 'component-simpleimputergeneric_applier_component', 'component-onehotencoder_applier_component', 'component-binarizer_applier_component', 'component-bernoullinb_applier_component', 'component-data_writer_component']"
Bernoullinb Component 2,-1,-1,-1,5.999458800069988,49.45166090014391,4008.950901000062,358.065285500139,361.2776129001286,37.46840950008482,"['component-csv_reader_component', 'component-nonstandard_column_remover_component', 'component-data_partition_component', 'component-simpleimputergeneric_component', 'component-onehotencoder_component', 'component-bernoullinb_component', 'component-simpleimputergeneric_applier_component', 'component-onehotencoder_applier_component', 'component-bernoullinb_applier_component', 'component-data_writer_component']"
Bernoullinb Component 3,-1,-1,-1,5.999458800069988,49.45166090014391,4008.950901000062,358.065285500139,361.2776129001286,9.707525300094858,"['component-csv_reader_component', 'component-nonstandard_column_remover_component', 'component-data_partition_component', 'component-simpleimputergeneric_component', 'component-ordinalencoder_component', 'component-randomtreesembedding_component', 'component-bernoullinb_component', 'component-simpleimputergeneric_applier_component', 'component-ordinalencoder_applier_component', 'component-randomtreesembedding_applier_component', 'component-bernoullinb_applier_component', 'component-data_writer_component']"
Bernoullinb Component 4,-1,-1,-1,5.999458800069988,49.45166090014391,4008.950901000062,358.065285500139,361.2776129001286,10.877308400114998,"['component-csv_reader_component', 'component-nonstandard_column_remover_component', 'component-data_partition_component', 'component-simpleimputergeneric_component', 'component-onehotencoder_component', 'component-randomtreesembedding_component', 'component-bernoullinb_component', 'component-simpleimputergeneric_applier_component', 'component-onehotencoder_applier_component', 'component-randomtreesembedding_applier_component', 'component-bernoullinb_applier_component', 'component-data_writer_component']"
Calibratedclassifiercv Component 0,-1,-1,-1,5.999458800069988,49.45166090014391,4008.950901000062,358.065285500139,361.2776129001286,6.297802800079808,"['component-csv_reader_component', 'component-nonstandard_column_remover_component', 'component-data_partition_component', 'component-simpleimputergeneric_component', 'component-calibratedclassifiercv_component', 'component-simpleimputergeneric_applier_component', 'component-calibratedclassifiercv_applier_component', 'component-data_writer_component']"
Categoricalnb Component 0,-1,-1,-1,5.999458800069988,49.45166090014391,4008.950901000062,358.065285500139,361.2776129001286,8.094895000103861,"['component-csv_reader_component', 'component-nonstandard_column_remover_component', 'component-data_partition_component', 'component-simpleimputergeneric_component', 'component-ordinalencoder_component', 'component-kbinsdiscretizer_component', 'component-categoricalnb_component', 'component-simpleimputergeneric_applier_component', 'component-ordinalencoder_applier_component', 'component-kbinsdiscretizer_applier_component', 'component-categoricalnb_applier_component', 'component-data_writer_component']"
Categoricalnb Component 1,-1,-1,-1,5.999458800069988,49.45166090014391,4008.950901000062,358.065285500139,361.2776129001286,10.66371320001781,"['component-csv_reader_component', 'component-nonstandard_column_remover_component', 'component-data_partition_component', 'component-simpleimputergeneric_component', 'component-onehotencoder_component', 'component-kbinsdiscretizer_component', 'component-categoricalnb_component', 'component-simpleimputergeneric_applier_component', 'component-onehotencoder_applier_component', 'component-kbinsdiscretizer_applier_component', 'component-categoricalnb_applier_component', 'component-data_writer_component']"
Complementnb Component 0,-1,-1,-1,5.999458800069988,49.45166090014391,4008.950901000062,358.065285500139,361.2776129001286,7.795192500110716,"['component-csv_reader_component', 'component-nonstandard_column_remover_component', 'component-data_partition_component', 'component-simpleimputergeneric_component', 'component-ordinalencoder_component', 'component-complementnb_component', 'component-simpleimputergeneric_applier_component', 'component-ordinalencoder_applier_component', 'component-complementnb_applier_component', 'component-data_writer_component']"
Decisiontreeclassifier Component 0,-1,-1,-1,5.999458800069988,49.45166090014391,4008.950901000062,358.065285500139,361.2776129001286,5.563908900134265,"['component-csv_reader_component', 'component-nonstandard_column_remover_component', 'component-data_partition_component', 'component-simpleimputergeneric_component', 'component-decisiontreeclassifier_component', 'component-simpleimputergeneric_applier_component', 'component-decisiontreeclassifier_applier_component', 'component-data_writer_component']"
Dummyclassifier Component 0,0.98272,0.5,0.0872556246382662,5.999458800069988,49.45166090014391,4008.950901000062,358.065285500139,361.2776129001286,6.723513199947774,"['component-csv_reader_component', 'component-data_partition_component', 'component-dummyclassifier_component', 'component-dummyclassifier_applier_component', 'component-data_writer_component']"
Extratreeclassifier Component 0,1.0,1.0,2.220446049250313e-16,5.999458800069988,49.45166090014391,4008.950901000062,358.065285500139,361.2776129001286,9.229446399956942,"['component-csv_reader_component', 'component-nonstandard_column_remover_component', 'component-data_partition_component', 'component-simpleimputergeneric_component', 'component-ordinalencoder_component', 'component-extratreeclassifier_component', 'component-simpleimputergeneric_applier_component', 'component-ordinalencoder_applier_component', 'component-extratreeclassifier_applier_component', 'component-data_writer_component']"
Extratreeclassifier Component 1,1.0,1.0,2.220446049250313e-16,5.999458800069988,49.45166090014391,4008.950901000062,358.065285500139,361.2776129001286,13.163548999931663,"['component-csv_reader_component', 'component-nonstandard_column_remover_component', 'component-data_partition_component', 'component-simpleimputergeneric_component', 'component-onehotencoder_component', 'component-extratreeclassifier_component', 'component-simpleimputergeneric_applier_component', 'component-onehotencoder_applier_component', 'component-extratreeclassifier_applier_component', 'component-data_writer_component']"
Extratreesclassifier Component 0,1.0,1.0,2.220446049250313e-16,5.999458800069988,49.45166090014391,4008.950901000062,358.065285500139,361.2776129001286,12.158801600104198,"['component-csv_reader_component', 'component-nonstandard_column_remover_component', 'component-data_partition_component', 'component-simpleimputergeneric_component', 'component-ordinalencoder_component', 'component-extratreesclassifier_component', 'component-simpleimputergeneric_applier_component', 'component-ordinalencoder_applier_component', 'component-extratreesclassifier_applier_component', 'component-data_writer_component']"
Extratreesclassifier Component 1,1.0,1.0,2.220446049250313e-16,5.999458800069988,49.45166090014391,4008.950901000062,358.065285500139,361.2776129001286,15.97025980008766,"['component-csv_reader_component', 'component-nonstandard_column_remover_component', 'component-data_partition_component', 'component-simpleimputergeneric_component', 'component-onehotencoder_component', 'component-extratreesclassifier_component', 'component-simpleimputergeneric_applier_component', 'component-onehotencoder_applier_component', 'component-extratreesclassifier_applier_component', 'component-data_writer_component']"
Gaussiannb Component 0,0.08528,0.5219620993220377,30.578130682768663,5.999458800069988,49.45166090014391,4008.950901000062,358.065285500139,361.2776129001286,10.95920839998871,"['component-csv_reader_component', 'component-nonstandard_column_remover_component', 'component-data_partition_component', 'component-simpleimputergeneric_component', 'component-ordinalencoder_component', 'component-gaussiannb_component', 'component-simpleimputergeneric_applier_component', 'component-ordinalencoder_applier_component', 'component-gaussiannb_applier_component', 'component-data_writer_component']"
Gaussiannb Component 1,0.09728,0.5584763677735944,18.545144005397752,5.999458800069988,49.45166090014391,4008.950901000062,358.065285500139,361.2776129001286,14.028012099908665,"['component-csv_reader_component', 'component-nonstandard_column_remover_component', 'component-data_partition_component', 'component-simpleimputergeneric_component', 'component-onehotencoder_component', 'component-gaussiannb_component', 'component-simpleimputergeneric_applier_component', 'component-onehotencoder_applier_component', 'component-gaussiannb_applier_component', 'component-data_writer_component']"
Gaussianprocessclassifier Component 0,-1,-1,-1,5.999458800069988,49.45166090014391,4008.950901000062,358.065285500139,361.2776129001286,6.091847300063819,"['component-csv_reader_component', 'component-nonstandard_column_remover_component', 'component-data_partition_component', 'component-simpleimputergeneric_component', 'component-gaussianprocessclassifier_component', 'component-simpleimputergeneric_applier_component', 'component-gaussianprocessclassifier_applier_component', 'component-data_writer_component']"
Gradientboostingclassifier Component 0,0.98592,0.9317579317237578,0.05203235145079061,5.999458800069988,49.45166090014391,4008.950901000062,358.065285500139,361.2776129001286,18.028895399998873,"['component-csv_reader_component', 'component-nonstandard_column_remover_component', 'component-data_partition_component', 'component-simpleimputergeneric_component', 'component-ordinalencoder_component', 'component-gradientboostingclassifier_component', 'component-simpleimputergeneric_applier_component', 'component-ordinalencoder_applier_component', 'component-gradientboostingclassifier_applier_component', 'component-data_writer_component']"
Gradientboostingclassifier Component 1,0.9844,0.921210281967195,0.05673588909973661,5.999458800069988,49.45166090014391,4008.950901000062,358.065285500139,361.2776129001286,23.151176600018516,"['component-csv_reader_component', 'component-nonstandard_column_remover_component', 'component-data_partition_component', 'component-simpleimputergeneric_component', 'component-onehotencoder_component', 'component-gradientboostingclassifier_component', 'component-simpleimputergeneric_applier_component', 'component-onehotencoder_applier_component', 'component-gradientboostingclassifier_applier_component', 'component-data_writer_component']"
Histgradientboostingclassifier Component 0,0.98296,0.9803288275585713,0.04216353896319728,5.999458800069988,49.45166090014391,4008.950901000062,358.065285500139,361.2776129001286,16.154723800020292,"['component-csv_reader_component', 'component-nonstandard_column_remover_component', 'component-data_partition_component', 'component-simpleimputergeneric_component', 'component-ordinalencoder_component', 'component-histgradientboostingclassifier_component', 'component-simpleimputergeneric_applier_component', 'component-ordinalencoder_applier_component', 'component-histgradientboostingclassifier_applier_component', 'component-data_writer_component']"
Histgradientboostingclassifier Component 1,0.98968,0.9797626146463356,0.02956660184156238,5.999458800069988,49.45166090014391,4008.950901000062,358.065285500139,361.2776129001286,17.63944229995832,"['component-csv_reader_component', 'component-nonstandard_column_remover_component', 'component-data_partition_component', 'component-simpleimputergeneric_component', 'component-onehotencoder_component', 'component-histgradientboostingclassifier_component', 'component-simpleimputergeneric_applier_component', 'component-onehotencoder_applier_component', 'component-histgradientboostingclassifier_applier_component', 'component-data_writer_component']"
Kneighborsclassifier Component 0,0.98288,0.9775216514751398,0.037596479286476005,5.999458800069988,49.45166090014391,4008.950901000062,358.065285500139,361.2776129001286,14.248862500069663,"['component-csv_reader_component', 'component-nonstandard_column_remover_component', 'component-data_partition_component', 'component-simpleimputergeneric_component', 'component-ordinalencoder_component', 'component-minmaxscaler_component', 'component-kneighborsclassifier_component', 'component-simpleimputergeneric_applier_component', 'component-ordinalencoder_applier_component', 'component-minmaxscaler_applier_component', 'component-kneighborsclassifier_applier_component', 'component-data_writer_component']"
Kneighborsclassifier Component 1,0.98264,0.9678916309717338,0.04249481785151957,5.999458800069988,49.45166090014391,4008.950901000062,358.065285500139,361.2776129001286,15.258186800172552,"['component-csv_reader_component', 'component-nonstandard_column_remover_component', 'component-data_partition_component', 'component-simpleimputergeneric_component', 'component-ordinalencoder_component', 'component-quantiletransformer_component', 'component-kneighborsclassifier_component', 'component-simpleimputergeneric_applier_component', 'component-ordinalencoder_applier_component', 'component-quantiletransformer_applier_component', 'component-kneighborsclassifier_applier_component', 'component-data_writer_component']"
Kneighborsclassifier Component 2,0.9828,0.9736898042620934,0.039794109153537205,5.999458800069988,49.45166090014391,4008.950901000062,358.065285500139,361.2776129001286,19.222748899832368,"['component-csv_reader_component', 'component-nonstandard_column_remover_component', 'component-data_partition_component', 'component-simpleimputergeneric_component', 'component-onehotencoder_component', 'component-minmaxscaler_component', 'component-kneighborsclassifier_component', 'component-simpleimputergeneric_applier_component', 'component-onehotencoder_applier_component', 'component-minmaxscaler_applier_component', 'component-kneighborsclassifier_applier_component', 'component-data_writer_component']"
Kneighborsclassifier Component 3,0.98112,0.9690450623016794,0.04418959410494464,5.999458800069988,49.45166090014391,4008.950901000062,358.065285500139,361.2776129001286,19.318062599981204,"['component-csv_reader_component', 'component-nonstandard_column_remover_component', 'component-data_partition_component', 'component-simpleimputergeneric_component', 'component-onehotencoder_component', 'component-quantiletransformer_component', 'component-kneighborsclassifier_component', 'component-simpleimputergeneric_applier_component', 'component-onehotencoder_applier_component', 'component-quantiletransformer_applier_component', 'component-kneighborsclassifier_applier_component', 'component-data_writer_component']"
Kneighborsclassifier Component 4,0.98184,0.969502554046686,0.043166654069634,5.999458800069988,49.45166090014391,4008.950901000062,358.065285500139,361.2776129001286,14.156304899835959,"['component-csv_reader_component', 'component-nonstandard_column_remover_component', 'component-data_partition_component', 'component-simpleimputergeneric_component', 'component-ordinalencoder_component', 'component-maxabsscaler_component', 'component-kneighborsclassifier_component', 'component-simpleimputergeneric_applier_component', 'component-ordinalencoder_applier_component', 'component-maxabsscaler_applier_component', 'component-kneighborsclassifier_applier_component', 'component-data_writer_component']"
Kneighborsclassifier Component 5,0.98088,0.9624910293173681,0.047451096195320536,5.999458800069988,49.45166090014391,4008.950901000062,358.065285500139,361.2776129001286,13.498809299897403,"['component-csv_reader_component', 'component-nonstandard_column_remover_component', 'component-data_partition_component', 'component-simpleimputergeneric_component', 'component-ordinalencoder_component', 'component-normalizer_component', 'component-kneighborsclassifier_component', 'component-simpleimputergeneric_applier_component', 'component-ordinalencoder_applier_component', 'component-normalizer_applier_component', 'component-kneighborsclassifier_applier_component', 'component-data_writer_component']"
Kneighborsclassifier Component 6,0.98576,0.9770628156565657,0.033377572029163756,5.999458800069988,49.45166090014391,4008.950901000062,358.065285500139,361.2776129001286,19.116849899990484,"['component-csv_reader_component', 'component-nonstandard_column_remover_component', 'component-data_partition_component', 'component-simpleimputergeneric_component', 'component-onehotencoder_component', 'component-maxabsscaler_component', 'component-kneighborsclassifier_component', 'component-simpleimputergeneric_applier_component', 'component-onehotencoder_applier_component', 'component-maxabsscaler_applier_component', 'component-kneighborsclassifier_applier_component', 'component-data_writer_component']"
Kneighborsclassifier Component 7,0.9844,0.9701706568416044,0.03861888343646369,5.999458800069988,49.45166090014391,4008.950901000062,358.065285500139,361.2776129001286,18.184313700068742,"['component-csv_reader_component', 'component-nonstandard_column_remover_component', 'component-data_partition_component', 'component-simpleimputergeneric_component', 'component-onehotencoder_component', 'component-normalizer_component', 'component-kneighborsclassifier_component', 'component-simpleimputergeneric_applier_component', 'component-onehotencoder_applier_component', 'component-normalizer_applier_component', 'component-kneighborsclassifier_applier_component', 'component-data_writer_component']"
Kneighborsclassifier Component 8,0.98256,0.9704807811535939,0.041227104438568855,5.999458800069988,49.45166090014391,4008.950901000062,358.065285500139,361.2776129001286,14.553759899921715,"['component-csv_reader_component', 'component-nonstandard_column_remover_component', 'component-data_partition_component', 'component-simpleimputergeneric_component', 'component-ordinalencoder_component', 'component-robustscaler_component', 'component-kneighborsclassifier_component', 'component-simpleimputergeneric_applier_component', 'component-ordinalencoder_applier_component', 'component-robustscaler_applier_component', 'component-kneighborsclassifier_applier_component', 'component-data_writer_component']"
Kneighborsclassifier Component 9,0.98224,0.9690108947520578,0.04244393413596587,5.999458800069988,49.45166090014391,4008.950901000062,358.065285500139,361.2776129001286,18.372983200009912,"['component-csv_reader_component', 'component-nonstandard_column_remover_component', 'component-data_partition_component', 'component-simpleimputergeneric_component', 'component-onehotencoder_component', 'component-robustscaler_component', 'component-kneighborsclassifier_component', 'component-simpleimputergeneric_applier_component', 'component-onehotencoder_applier_component', 'component-robustscaler_applier_component', 'component-kneighborsclassifier_applier_component', 'component-data_writer_component']"
Labelpropagation Component 0,0.01784,0.5,35.400634612655296,5.999458800069988,49.45166090014391,4008.950901000062,358.065285500139,361.2776129001286,21.058329599909484,"['component-csv_reader_component', 'component-nonstandard_column_remover_component', 'component-data_partition_component', 'component-simpleimputergeneric_component', 'component-ordinalencoder_component', 'component-minmaxscaler_component', 'component-labelpropagation_component', 'component-simpleimputergeneric_applier_component', 'component-ordinalencoder_applier_component', 'component-minmaxscaler_applier_component', 'component-labelpropagation_applier_component', 'component-data_writer_component']"
Labelpropagation Component 1,0.01856,0.5,35.37468318221513,5.999458800069988,49.45166090014391,4008.950901000062,358.065285500139,361.2776129001286,21.895487600006163,"['component-csv_reader_component', 'component-nonstandard_column_remover_component', 'component-data_partition_component', 'component-simpleimputergeneric_component', 'component-ordinalencoder_component', 'component-quantiletransformer_component', 'component-labelpropagation_component', 'component-simpleimputergeneric_applier_component', 'component-ordinalencoder_applier_component', 'component-quantiletransformer_applier_component', 'component-labelpropagation_applier_component', 'component-data_writer_component']"
Labelpropagation Component 2,0.01888,0.5,35.36314921313061,5.999458800069988,49.45166090014391,4008.950901000062,358.065285500139,361.2776129001286,25.38879489991814,"['component-csv_reader_component', 'component-nonstandard_column_remover_component', 'component-data_partition_component', 'component-simpleimputergeneric_component', 'component-onehotencoder_component', 'component-minmaxscaler_component', 'component-labelpropagation_component', 'component-simpleimputergeneric_applier_component', 'component-onehotencoder_applier_component', 'component-minmaxscaler_applier_component', 'component-labelpropagation_applier_component', 'component-data_writer_component']"
Labelpropagation Component 3,0.0172,0.5,35.42370255082432,5.999458800069988,49.45166090014391,4008.950901000062,358.065285500139,361.2776129001286,24.007579500088468,"['component-csv_reader_component', 'component-nonstandard_column_remover_component', 'component-data_partition_component', 'component-simpleimputergeneric_component', 'component-onehotencoder_component', 'component-quantiletransformer_component', 'component-labelpropagation_component', 'component-simpleimputergeneric_applier_component', 'component-onehotencoder_applier_component', 'component-quantiletransformer_applier_component', 'component-labelpropagation_applier_component', 'component-data_writer_component']"
Labelpropagation Component 4,0.01904,0.5,35.35738222858836,5.999458800069988,49.45166090014391,4008.950901000062,358.065285500139,361.2776129001286,21.589848699979484,"['component-csv_reader_component', 'component-nonstandard_column_remover_component', 'component-data_partition_component', 'component-simpleimputergeneric_component', 'component-ordinalencoder_component', 'component-maxabsscaler_component', 'component-labelpropagation_component', 'component-simpleimputergeneric_applier_component', 'component-ordinalencoder_applier_component', 'component-maxabsscaler_applier_component', 'component-labelpropagation_applier_component', 'component-data_writer_component']"
Labelpropagation Component 5,0.01784,0.5,35.400634612655296,5.999458800069988,49.45166090014391,4008.950901000062,358.065285500139,361.2776129001286,21.314808399882168,"['component-csv_reader_component', 'component-nonstandard_column_remover_component', 'component-data_partition_component', 'component-simpleimputergeneric_component', 'component-ordinalencoder_component', 'component-normalizer_component', 'component-labelpropagation_component', 'component-simpleimputergeneric_applier_component', 'component-ordinalencoder_applier_component', 'component-normalizer_applier_component', 'component-labelpropagation_applier_component', 'component-data_writer_component']"
Labelpropagation Component 6,0.01776,0.5,35.40351810492642,5.999458800069988,49.45166090014391,4008.950901000062,358.065285500139,361.2776129001286,24.672491300152615,"['component-csv_reader_component', 'component-nonstandard_column_remover_component', 'component-data_partition_component', 'component-simpleimputergeneric_component', 'component-onehotencoder_component', 'component-maxabsscaler_component', 'component-labelpropagation_component', 'component-simpleimputergeneric_applier_component', 'component-onehotencoder_applier_component', 'component-maxabsscaler_applier_component', 'component-labelpropagation_applier_component', 'component-data_writer_component']"
Labelpropagation Component 7,0.01856,0.5,35.37468318221513,5.999458800069988,49.45166090014391,4008.950901000062,358.065285500139,361.2776129001286,25.381442799931392,"['component-csv_reader_component', 'component-nonstandard_column_remover_component', 'component-data_partition_component', 'component-simpleimputergeneric_component', 'component-onehotencoder_component', 'component-normalizer_component', 'component-labelpropagation_component', 'component-simpleimputergeneric_applier_component', 'component-onehotencoder_applier_component', 'component-normalizer_applier_component', 'component-labelpropagation_applier_component', 'component-data_writer_component']"
Labelpropagation Component 8,-1,-1,-1,5.999458800069988,49.45166090014391,4008.950901000062,358.065285500139,361.2776129001286,24.62260050000623,"['component-csv_reader_component', 'component-nonstandard_column_remover_component', 'component-data_partition_component', 'component-simpleimputergeneric_component', 'component-ordinalencoder_component', 'component-robustscaler_component', 'component-labelpropagation_component', 'component-simpleimputergeneric_applier_component', 'component-ordinalencoder_applier_component', 'component-robustscaler_applier_component', 'component-labelpropagation_applier_component', 'component-data_writer_component']"
Labelpropagation Component 9,-1,-1,-1,5.999458800069988,49.45166090014391,4008.950901000062,358.065285500139,361.2776129001286,28.812863300088793,"['component-csv_reader_component', 'component-nonstandard_column_remover_component', 'component-data_partition_component', 'component-simpleimputergeneric_component', 'component-onehotencoder_component', 'component-robustscaler_component', 'component-labelpropagation_component', 'component-simpleimputergeneric_applier_component', 'component-onehotencoder_applier_component', 'component-robustscaler_applier_component', 'component-labelpropagation_applier_component', 'component-data_writer_component']"
Labelspreading Component 0,0.01776,0.5,35.40351810492642,5.999458800069988,49.45166090014391,4008.950901000062,358.065285500139,361.2776129001286,25.77548129996285,"['component-csv_reader_component', 'component-nonstandard_column_remover_component', 'component-data_partition_component', 'component-simpleimputergeneric_component', 'component-ordinalencoder_component', 'component-minmaxscaler_component', 'component-labelspreading_component', 'component-simpleimputergeneric_applier_component', 'component-ordinalencoder_applier_component', 'component-minmaxscaler_applier_component', 'component-labelspreading_applier_component', 'component-data_writer_component']"
Labelspreading Component 1,0.01784,0.5,35.400634612655296,5.999458800069988,49.45166090014391,4008.950901000062,358.065285500139,361.2776129001286,31.581386799924076,"['component-csv_reader_component', 'component-nonstandard_column_remover_component', 'component-data_partition_component', 'component-simpleimputergeneric_component', 'component-ordinalencoder_component', 'component-quantiletransformer_component', 'component-labelspreading_component', 'component-simpleimputergeneric_applier_component', 'component-ordinalencoder_applier_component', 'component-quantiletransformer_applier_component', 'component-labelspreading_applier_component', 'component-data_writer_component']"
Labelspreading Component 2,0.01712,0.5,35.42658604309546,5.999458800069988,49.45166090014391,4008.950901000062,358.065285500139,361.2776129001286,37.04679189994931,"['component-csv_reader_component', 'component-nonstandard_column_remover_component', 'component-data_partition_component', 'component-simpleimputergeneric_component', 'component-onehotencoder_component', 'component-minmaxscaler_component', 'component-labelspreading_component', 'component-simpleimputergeneric_applier_component', 'component-onehotencoder_applier_component', 'component-minmaxscaler_applier_component', 'component-labelspreading_applier_component', 'component-data_writer_component']"
Labelspreading Component 3,0.0172,0.5,35.42370255082432,5.999458800069988,49.45166090014391,4008.950901000062,358.065285500139,361.2776129001286,38.85698269982822,"['component-csv_reader_component', 'component-nonstandard_column_remover_component', 'component-data_partition_component', 'component-simpleimputergeneric_component', 'component-onehotencoder_component', 'component-quantiletransformer_component', 'component-labelspreading_component', 'component-simpleimputergeneric_applier_component', 'component-onehotencoder_applier_component', 'component-quantiletransformer_applier_component', 'component-labelspreading_applier_component', 'component-data_writer_component']"
Labelspreading Component 4,0.01792,0.5,35.397751120384164,5.999458800069988,49.45166090014391,4008.950901000062,358.065285500139,361.2776129001286,28.916033999994397,"['component-csv_reader_component', 'component-nonstandard_column_remover_component', 'component-data_partition_component', 'component-simpleimputergeneric_component', 'component-ordinalencoder_component', 'component-maxabsscaler_component', 'component-labelspreading_component', 'component-simpleimputergeneric_applier_component', 'component-ordinalencoder_applier_component', 'component-maxabsscaler_applier_component', 'component-labelspreading_applier_component', 'component-data_writer_component']"
Labelspreading Component 5,0.01784,0.5,35.40063461265529,5.999458800069988,49.45166090014391,4008.950901000062,358.065285500139,361.2776129001286,27.73534190002829,"['component-csv_reader_component', 'component-nonstandard_column_remover_component', 'component-data_partition_component', 'component-simpleimputergeneric_component', 'component-ordinalencoder_component', 'component-normalizer_component', 'component-labelspreading_component', 'component-simpleimputergeneric_applier_component', 'component-ordinalencoder_applier_component', 'component-normalizer_applier_component', 'component-labelspreading_applier_component', 'component-data_writer_component']"
Labelspreading Component 6,0.01712,0.5,35.42658604309546,5.999458800069988,49.45166090014391,4008.950901000062,358.065285500139,361.2776129001286,29.28781310003251,"['component-csv_reader_component', 'component-nonstandard_column_remover_component', 'component-data_partition_component', 'component-simpleimputergeneric_component', 'component-onehotencoder_component', 'component-maxabsscaler_component', 'component-labelspreading_component', 'component-simpleimputergeneric_applier_component', 'component-onehotencoder_applier_component', 'component-maxabsscaler_applier_component', 'component-labelspreading_applier_component', 'component-data_writer_component']"
Labelspreading Component 7,0.01624,0.5,35.458304458077876,5.999458800069988,49.45166090014391,4008.950901000062,358.065285500139,361.2776129001286,31.42942010005936,"['component-csv_reader_component', 'component-nonstandard_column_remover_component', 'component-data_partition_component', 'component-simpleimputergeneric_component', 'component-onehotencoder_component', 'component-normalizer_component', 'component-labelspreading_component', 'component-simpleimputergeneric_applier_component', 'component-onehotencoder_applier_component', 'component-normalizer_applier_component', 'component-labelspreading_applier_component', 'component-data_writer_component']"
Labelspreading Component 8,-1,-1,-1,5.999458800069988,49.45166090014391,4008.950901000062,358.065285500139,361.2776129001286,28.432168999919668,"['component-csv_reader_component', 'component-nonstandard_column_remover_component', 'component-data_partition_component', 'component-simpleimputergeneric_component', 'component-ordinalencoder_component', 'component-robustscaler_component', 'component-labelspreading_component', 'component-simpleimputergeneric_applier_component', 'component-ordinalencoder_applier_component', 'component-robustscaler_applier_component', 'component-labelspreading_applier_component', 'component-data_writer_component']"
Labelspreading Component 9,-1,-1,-1,5.999458800069988,49.45166090014391,4008.950901000062,358.065285500139,361.2776129001286,33.11030640010722,"['component-csv_reader_component', 'component-nonstandard_column_remover_component', 'component-data_partition_component', 'component-simpleimputergeneric_component', 'component-onehotencoder_component', 'component-robustscaler_component', 'component-labelspreading_component', 'component-simpleimputergeneric_applier_component', 'component-onehotencoder_applier_component', 'component-robustscaler_applier_component', 'component-labelspreading_applier_component', 'component-data_writer_component']"
Lineardiscriminantanalysis Component 0,0.97936,0.817036804180648,0.09113315134545266,5.999458800069988,49.45166090014391,4008.950901000062,358.065285500139,361.2776129001286,11.720476899994537,"['component-csv_reader_component', 'component-nonstandard_column_remover_component', 'component-data_partition_component', 'component-simpleimputergeneric_component', 'component-ordinalencoder_component', 'component-minmaxscaler_component', 'component-lineardiscriminantanalysis_component', 'component-simpleimputergeneric_applier_component', 'component-ordinalencoder_applier_component', 'component-minmaxscaler_applier_component', 'component-lineardiscriminantanalysis_applier_component', 'component-data_writer_component']"
Lineardiscriminantanalysis Component 1,0.97792,0.841786663930832,0.08380500054723308,5.999458800069988,49.45166090014391,4008.950901000062,358.065285500139,361.2776129001286,11.48264680011198,"['component-csv_reader_component', 'component-nonstandard_column_remover_component', 'component-data_partition_component', 'component-simpleimputergeneric_component', 'component-ordinalencoder_component', 'component-quantiletransformer_component', 'component-lineardiscriminantanalysis_component', 'component-simpleimputergeneric_applier_component', 'component-ordinalencoder_applier_component', 'component-quantiletransformer_applier_component', 'component-lineardiscriminantanalysis_applier_component', 'component-data_writer_component']"
Lineardiscriminantanalysis Component 2,0.97912,0.8268103979311466,0.08620889367095586,5.999458800069988,49.45166090014391,4008.950901000062,358.065285500139,361.2776129001286,10.748236199840903,"['component-csv_reader_component', 'component-nonstandard_column_remover_component', 'component-data_partition_component', 'component-simpleimputergeneric_component', 'component-ordinalencoder_component', 'component-maxabsscaler_component', 'component-lineardiscriminantanalysis_component', 'component-simpleimputergeneric_applier_component', 'component-ordinalencoder_applier_component', 'component-maxabsscaler_applier_component', 'component-lineardiscriminantanalysis_applier_component', 'component-data_writer_component']"
Lineardiscriminantanalysis Component 3,0.97736,0.6517564221961176,0.10914817002961524,5.999458800069988,49.45166090014391,4008.950901000062,358.065285500139,361.2776129001286,10.646853299811482,"['component-csv_reader_component', 'component-nonstandard_column_remover_component', 'component-data_partition_component', 'component-simpleimputergeneric_component', 'component-ordinalencoder_component', 'component-normalizer_component', 'component-lineardiscriminantanalysis_component', 'component-simpleimputergeneric_applier_component', 'component-ordinalencoder_applier_component', 'component-normalizer_applier_component', 'component-lineardiscriminantanalysis_applier_component', 'component-data_writer_component']"
Lineardiscriminantanalysis Component 4,0.97864,0.8384540808429246,0.08833554941092023,5.999458800069988,49.45166090014391,4008.950901000062,358.065285500139,361.2776129001286,16.457668600138277,"['component-csv_reader_component', 'component-nonstandard_column_remover_component', 'component-data_partition_component', 'component-simpleimputergeneric_component', 'component-onehotencoder_component', 'component-maxabsscaler_component', 'component-lineardiscriminantanalysis_component', 'component-simpleimputergeneric_applier_component', 'component-onehotencoder_applier_component', 'component-maxabsscaler_applier_component', 'component-lineardiscriminantanalysis_applier_component', 'component-data_writer_component']"
Lineardiscriminantanalysis Component 5,0.98144,0.6398083387551506,0.08865471747912901,5.999458800069988,49.45166090014391,4008.950901000062,358.065285500139,361.2776129001286,15.97159789991565,"['component-csv_reader_component', 'component-nonstandard_column_remover_component', 'component-data_partition_component', 'component-simpleimputergeneric_component', 'component-onehotencoder_component', 'component-normalizer_component', 'component-lineardiscriminantanalysis_component', 'component-simpleimputergeneric_applier_component', 'component-onehotencoder_applier_component', 'component-normalizer_applier_component', 'component-lineardiscriminantanalysis_applier_component', 'component-data_writer_component']"
Lineardiscriminantanalysis Component 6,0.98008,0.8349329373047688,0.08322613001465626,5.999458800069988,49.45166090014391,4008.950901000062,358.065285500139,361.2776129001286,13.73124310001731,"['component-csv_reader_component', 'component-nonstandard_column_remover_component', 'component-data_partition_component', 'component-simpleimputergeneric_component', 'component-ordinalencoder_component', 'component-robustscaler_component', 'component-lineardiscriminantanalysis_component', 'component-simpleimputergeneric_applier_component', 'component-ordinalencoder_applier_component', 'component-robustscaler_applier_component', 'component-lineardiscriminantanalysis_applier_component', 'component-data_writer_component']"
Lineardiscriminantanalysis Component 7,0.98112,0.8459795526296514,0.07758872121370977,5.999458800069988,49.45166090014391,4008.950901000062,358.065285500139,361.2776129001286,17.621077799936756,"['component-csv_reader_component', 'component-nonstandard_column_remover_component', 'component-data_partition_component', 'component-simpleimputergeneric_component', 'component-onehotencoder_component', 'component-robustscaler_component', 'component-lineardiscriminantanalysis_component', 'component-simpleimputergeneric_applier_component', 'component-onehotencoder_applier_component', 'component-robustscaler_applier_component', 'component-lineardiscriminantanalysis_applier_component', 'component-data_writer_component']"
Linearsvc Component 0,0.98128,-1,-1,5.999458800069988,49.45166090014391,4008.950901000062,358.065285500139,361.2776129001286,12.279599000001326,"['component-csv_reader_component', 'component-nonstandard_column_remover_component', 'component-data_partition_component', 'component-simpleimputergeneric_component', 'component-ordinalencoder_component', 'component-minmaxscaler_component', 'component-linearsvc_component', 'component-simpleimputergeneric_applier_component', 'component-ordinalencoder_applier_component', 'component-minmaxscaler_applier_component', 'component-linearsvc_applier_component', 'component-data_writer_component']"
Linearsvc Component 1,0.98392,-1,-1,5.999458800069988,49.45166090014391,4008.950901000062,358.065285500139,361.2776129001286,11.006807700032368,"['component-csv_reader_component', 'component-nonstandard_column_remover_component', 'component-data_partition_component', 'component-simpleimputergeneric_component', 'component-ordinalencoder_component', 'component-quantiletransformer_component', 'component-linearsvc_component', 'component-simpleimputergeneric_applier_component', 'component-ordinalencoder_applier_component', 'component-quantiletransformer_applier_component', 'component-linearsvc_applier_component', 'component-data_writer_component']"
Linearsvc Component 2,0.9812,-1,-1,5.999458800069988,49.45166090014391,4008.950901000062,358.065285500139,361.2776129001286,12.119465300114825,"['component-csv_reader_component', 'component-nonstandard_column_remover_component', 'component-data_partition_component', 'component-simpleimputergeneric_component', 'component-ordinalencoder_component', 'component-maxabsscaler_component', 'component-linearsvc_component', 'component-simpleimputergeneric_applier_component', 'component-ordinalencoder_applier_component', 'component-maxabsscaler_applier_component', 'component-linearsvc_applier_component', 'component-data_writer_component']"
Linearsvc Component 3,0.98128,-1,-1,5.999458800069988,49.45166090014391,4008.950901000062,358.065285500139,361.2776129001286,10.078180300071836,"['component-csv_reader_component', 'component-nonstandard_column_remover_component', 'component-data_partition_component', 'component-simpleimputergeneric_component', 'component-ordinalencoder_component', 'component-normalizer_component', 'component-linearsvc_component', 'component-simpleimputergeneric_applier_component', 'component-ordinalencoder_applier_component', 'component-normalizer_applier_component', 'component-linearsvc_applier_component', 'component-data_writer_component']"
Linearsvc Component 4,0.8032,-1,-1,5.999458800069988,49.45166090014391,4008.950901000062,358.065285500139,361.2776129001286,26.02491410006769,"['component-csv_reader_component', 'component-nonstandard_column_remover_component', 'component-data_partition_component', 'component-simpleimputergeneric_component', 'component-ordinalencoder_component', 'component-robustscaler_component', 'component-linearsvc_component', 'component-simpleimputergeneric_applier_component', 'component-ordinalencoder_applier_component', 'component-robustscaler_applier_component', 'component-linearsvc_applier_component', 'component-data_writer_component']"
Linearsvc Component 5,0.97872,-1,-1,5.999458800069988,49.45166090014391,4008.950901000062,358.065285500139,361.2776129001286,36.374608899932355,"['component-csv_reader_component', 'component-nonstandard_column_remover_component', 'component-data_partition_component', 'component-simpleimputergeneric_component', 'component-onehotencoder_component', 'component-linearsvc_component', 'component-simpleimputergeneric_applier_component', 'component-onehotencoder_applier_component', 'component-linearsvc_applier_component', 'component-data_writer_component']"
Logisticregression Component 0,0.98392,0.8428145474756472,0.06834125488626264,5.999458800069988,49.45166090014391,4008.950901000062,358.065285500139,361.2776129001286,11.3433503000997,"['component-csv_reader_component', 'component-nonstandard_column_remover_component', 'component-data_partition_component', 'component-simpleimputergeneric_component', 'component-ordinalencoder_component', 'component-minmaxscaler_component', 'component-logisticregression_component', 'component-simpleimputergeneric_applier_component', 'component-ordinalencoder_applier_component', 'component-minmaxscaler_applier_component', 'component-logisticregression_applier_component', 'component-data_writer_component']"
Logisticregression Component 1,0.98264,0.8481543746911827,0.07101538089384392,5.999458800069988,49.45166090014391,4008.950901000062,358.065285500139,361.2776129001286,10.463324300013483,"['component-csv_reader_component', 'component-nonstandard_column_remover_component', 'component-data_partition_component', 'component-simpleimputergeneric_component', 'component-ordinalencoder_component', 'component-quantiletransformer_component', 'component-logisticregression_component', 'component-simpleimputergeneric_applier_component', 'component-ordinalencoder_applier_component', 'component-quantiletransformer_applier_component', 'component-logisticregression_applier_component', 'component-data_writer_component']"
Logisticregression Component 2,0.98256,0.831546949440443,0.07387481166528467,5.999458800069988,49.45166090014391,4008.950901000062,358.065285500139,361.2776129001286,15.691751800011843,"['component-csv_reader_component', 'component-nonstandard_column_remover_component', 'component-data_partition_component', 'component-simpleimputergeneric_component', 'component-onehotencoder_component', 'component-minmaxscaler_component', 'component-logisticregression_component', 'component-simpleimputergeneric_applier_component', 'component-onehotencoder_applier_component', 'component-minmaxscaler_applier_component', 'component-logisticregression_applier_component', 'component-data_writer_component']"
Logisticregression Component 3,0.98216,0.8576546394859176,0.07152959448999094,5.999458800069988,49.45166090014391,4008.950901000062,358.065285500139,361.2776129001286,15.591046300018206,"['component-csv_reader_component', 'component-nonstandard_column_remover_component', 'component-data_partition_component', 'component-simpleimputergeneric_component', 'component-onehotencoder_component', 'component-quantiletransformer_component', 'component-logisticregression_component', 'component-simpleimputergeneric_applier_component', 'component-onehotencoder_applier_component', 'component-quantiletransformer_applier_component', 'component-logisticregression_applier_component', 'component-data_writer_component']"
Logisticregression Component 4,0.98424,0.8366349234500754,0.06699785085144469,5.999458800069988,49.45166090014391,4008.950901000062,358.065285500139,361.2776129001286,11.375452399952337,"['component-csv_reader_component', 'component-nonstandard_column_remover_component', 'component-data_partition_component', 'component-simpleimputergeneric_component', 'component-ordinalencoder_component', 'component-maxabsscaler_component', 'component-logisticregression_component', 'component-simpleimputergeneric_applier_component', 'component-ordinalencoder_applier_component', 'component-maxabsscaler_applier_component', 'component-logisticregression_applier_component', 'component-data_writer_component']"
Logisticregression Component 5,0.98272,0.5999135430611335,0.08616088386807733,5.999458800069988,49.45166090014391,4008.950901000062,358.065285500139,361.2776129001286,10.09481990011409,"['component-csv_reader_component', 'component-nonstandard_column_remover_component', 'component-data_partition_component', 'component-simpleimputergeneric_component', 'component-ordinalencoder_component', 'component-normalizer_component', 'component-logisticregression_component', 'component-simpleimputergeneric_applier_component', 'component-ordinalencoder_applier_component', 'component-normalizer_applier_component', 'component-logisticregression_applier_component', 'component-data_writer_component']"
Logisticregression Component 6,0.9824,0.8093792567367487,0.07600027395587053,5.999458800069988,49.45166090014391,4008.950901000062,358.065285500139,361.2776129001286,14.922952800057828,"['component-csv_reader_component', 'component-nonstandard_column_remover_component', 'component-data_partition_component', 'component-simpleimputergeneric_component', 'component-onehotencoder_component', 'component-maxabsscaler_component', 'component-logisticregression_component', 'component-simpleimputergeneric_applier_component', 'component-onehotencoder_applier_component', 'component-maxabsscaler_applier_component', 'component-logisticregression_applier_component', 'component-data_writer_component']"
Logisticregression Component 7,0.98112,0.5885463310004754,0.09279038050849467,5.999458800069988,49.45166090014391,4008.950901000062,358.065285500139,361.2776129001286,16.372361900052056,"['component-csv_reader_component', 'component-nonstandard_column_remover_component', 'component-data_partition_component', 'component-simpleimputergeneric_component', 'component-onehotencoder_component', 'component-normalizer_component', 'component-logisticregression_component', 'component-simpleimputergeneric_applier_component', 'component-onehotencoder_applier_component', 'component-normalizer_applier_component', 'component-logisticregression_applier_component', 'component-data_writer_component']"
Logisticregression Component 8,0.80832,0.4635459554198403,0.6423230830255158,5.999458800069988,49.45166090014391,4008.950901000062,358.065285500139,361.2776129001286,10.394641200080514,"['component-csv_reader_component', 'component-nonstandard_column_remover_component', 'component-data_partition_component', 'component-simpleimputergeneric_component', 'component-ordinalencoder_component', 'component-robustscaler_component', 'component-logisticregression_component', 'component-simpleimputergeneric_applier_component', 'component-ordinalencoder_applier_component', 'component-robustscaler_applier_component', 'component-logisticregression_applier_component', 'component-data_writer_component']"
Logisticregression Component 9,0.80184,0.4843903612673971,0.640163901347311,5.999458800069988,49.45166090014391,4008.950901000062,358.065285500139,361.2776129001286,14.047944100107998,"['component-csv_reader_component', 'component-nonstandard_column_remover_component', 'component-data_partition_component', 'component-simpleimputergeneric_component', 'component-onehotencoder_component', 'component-robustscaler_component', 'component-logisticregression_component', 'component-simpleimputergeneric_applier_component', 'component-onehotencoder_applier_component', 'component-robustscaler_applier_component', 'component-logisticregression_applier_component', 'component-data_writer_component']"
Logisticregressioncv Component 0,0.98192,0.7655912707053257,0.09039496943689351,5.999458800069988,49.45166090014391,4008.950901000062,358.065285500139,361.2776129001286,11.657468099845573,"['component-csv_reader_component', 'component-nonstandard_column_remover_component', 'component-data_partition_component', 'component-simpleimputergeneric_component', 'component-ordinalencoder_component', 'component-minmaxscaler_component', 'component-logisticregressioncv_component', 'component-simpleimputergeneric_applier_component', 'component-ordinalencoder_applier_component', 'component-minmaxscaler_applier_component', 'component-logisticregressioncv_applier_component', 'component-data_writer_component']"
Logisticregressioncv Component 1,0.984,0.8042300813008131,0.08192902772437535,5.999458800069988,49.45166090014391,4008.950901000062,358.065285500139,361.2776129001286,12.916708100121468,"['component-csv_reader_component', 'component-nonstandard_column_remover_component', 'component-data_partition_component', 'component-simpleimputergeneric_component', 'component-ordinalencoder_component', 'component-quantiletransformer_component', 'component-logisticregressioncv_component', 'component-simpleimputergeneric_applier_component', 'component-ordinalencoder_applier_component', 'component-quantiletransformer_applier_component', 'component-logisticregressioncv_applier_component', 'component-data_writer_component']"
Logisticregressioncv Component 2,0.98152,0.7523512431817917,0.09188935180896686,5.999458800069988,49.45166090014391,4008.950901000062,358.065285500139,361.2776129001286,17.312184399925172,"['component-csv_reader_component', 'component-nonstandard_column_remover_component', 'component-data_partition_component', 'component-simpleimputergeneric_component', 'component-onehotencoder_component', 'component-minmaxscaler_component', 'component-logisticregressioncv_component', 'component-simpleimputergeneric_applier_component', 'component-onehotencoder_applier_component', 'component-minmaxscaler_applier_component', 'component-logisticregressioncv_applier_component', 'component-data_writer_component']"
Logisticregressioncv Component 3,0.9832,0.7877868185516679,0.08511960976150236,5.999458800069988,49.45166090014391,4008.950901000062,358.065285500139,361.2776129001286,19.19761689985171,"['component-csv_reader_component', 'component-nonstandard_column_remover_component', 'component-data_partition_component', 'component-simpleimputergeneric_component', 'component-onehotencoder_component', 'component-quantiletransformer_component', 'component-logisticregressioncv_component', 'component-simpleimputergeneric_applier_component', 'component-onehotencoder_applier_component', 'component-quantiletransformer_applier_component', 'component-logisticregressioncv_applier_component', 'component-data_writer_component']"
Logisticregressioncv Component 4,0.98208,0.7905342305543918,0.08973366528065929,5.999458800069988,49.45166090014391,4008.950901000062,358.065285500139,361.2776129001286,12.73456330015324,"['component-csv_reader_component', 'component-nonstandard_column_remover_component', 'component-data_partition_component', 'component-simpleimputergeneric_component', 'component-ordinalencoder_component', 'component-maxabsscaler_component', 'component-logisticregressioncv_component', 'component-simpleimputergeneric_applier_component', 'component-ordinalencoder_applier_component', 'component-maxabsscaler_applier_component', 'component-logisticregressioncv_applier_component', 'component-data_writer_component']"
Logisticregressioncv Component 5,0.98256,0.5954805944105568,0.0878995180051582,5.999458800069988,49.45166090014391,4008.950901000062,358.065285500139,361.2776129001286,10.493384800152853,"['component-csv_reader_component', 'component-nonstandard_column_remover_component', 'component-data_partition_component', 'component-simpleimputergeneric_component', 'component-ordinalencoder_component', 'component-normalizer_component', 'component-logisticregressioncv_component', 'component-simpleimputergeneric_applier_component', 'component-ordinalencoder_applier_component', 'component-normalizer_applier_component', 'component-logisticregressioncv_applier_component', 'component-data_writer_component']"
Logisticregressioncv Component 6,0.98288,0.7581142429419703,0.08646471455756018,5.999458800069988,49.45166090014391,4008.950901000062,358.065285500139,361.2776129001286,16.480285300174728,"['component-csv_reader_component', 'component-nonstandard_column_remover_component', 'component-data_partition_component', 'component-simpleimputergeneric_component', 'component-onehotencoder_component', 'component-maxabsscaler_component', 'component-logisticregressioncv_component', 'component-simpleimputergeneric_applier_component', 'component-onehotencoder_applier_component', 'component-maxabsscaler_applier_component', 'component-logisticregressioncv_applier_component', 'component-data_writer_component']"
Logisticregressioncv Component 7,0.98104,0.5639502176455469,0.09396246694757505,5.999458800069988,49.45166090014391,4008.950901000062,358.065285500139,361.2776129001286,15.051807399839163,"['component-csv_reader_component', 'component-nonstandard_column_remover_component', 'component-data_partition_component', 'component-simpleimputergeneric_component', 'component-onehotencoder_component', 'component-normalizer_component', 'component-logisticregressioncv_component', 'component-simpleimputergeneric_applier_component', 'component-onehotencoder_applier_component', 'component-normalizer_applier_component', 'component-logisticregressioncv_applier_component', 'component-data_writer_component']"
Logisticregressioncv Component 8,0.91296,0.5061158849341222,0.6312400295012458,5.999458800069988,49.45166090014391,4008.950901000062,358.065285500139,361.2776129001286,22.235417999792844,"['component-csv_reader_component', 'component-nonstandard_column_remover_component', 'component-data_partition_component', 'component-simpleimputergeneric_component', 'component-ordinalencoder_component', 'component-robustscaler_component', 'component-logisticregressioncv_component', 'component-simpleimputergeneric_applier_component', 'component-ordinalencoder_applier_component', 'component-robustscaler_applier_component', 'component-logisticregressioncv_applier_component', 'component-data_writer_component']"
Logisticregressioncv Component 9,0.81232,0.45139665847203725,0.6398810899832849,5.999458800069988,49.45166090014391,4008.950901000062,358.065285500139,361.2776129001286,33.713104099966586,"['component-csv_reader_component', 'component-nonstandard_column_remover_component', 'component-data_partition_component', 'component-simpleimputergeneric_component', 'component-onehotencoder_component', 'component-robustscaler_component', 'component-logisticregressioncv_component', 'component-simpleimputergeneric_applier_component', 'component-onehotencoder_applier_component', 'component-robustscaler_applier_component', 'component-logisticregressioncv_applier_component', 'component-data_writer_component']"
Mlpclassifier Component 0,0.89664,0.5658018548579722,3.7221315352328275,5.999458800069988,49.45166090014391,4008.950901000062,358.065285500139,361.2776129001286,13.961737000150606,"['component-csv_reader_component', 'component-nonstandard_column_remover_component', 'component-data_partition_component', 'component-simpleimputergeneric_component', 'component-ordinalencoder_component', 'component-mlpclassifier_component', 'component-simpleimputergeneric_applier_component', 'component-ordinalencoder_applier_component', 'component-mlpclassifier_applier_component', 'component-data_writer_component']"
Multinomialnb Component 0,0.70656,0.5363026554148009,10.572789662861798,5.999458800069988,49.45166090014391,4008.950901000062,358.065285500139,361.2776129001286,9.95328599982895,"['component-csv_reader_component', 'component-nonstandard_column_remover_component', 'component-data_partition_component', 'component-simpleimputergeneric_component', 'component-ordinalencoder_component', 'component-minmaxscaler_component', 'component-multinomialnb_component', 'component-simpleimputergeneric_applier_component', 'component-ordinalencoder_applier_component', 'component-minmaxscaler_applier_component', 'component-multinomialnb_applier_component', 'component-data_writer_component']"
Multinomialnb Component 1,0.3968,0.5692705793095973,21.738014739799166,5.999458800069988,49.45166090014391,4008.950901000062,358.065285500139,361.2776129001286,9.709182200022042,"['component-csv_reader_component', 'component-nonstandard_column_remover_component', 'component-data_partition_component', 'component-simpleimputergeneric_component', 'component-ordinalencoder_component', 'component-quantiletransformer_component', 'component-multinomialnb_component', 'component-simpleimputergeneric_applier_component', 'component-ordinalencoder_applier_component', 'component-quantiletransformer_applier_component', 'component-multinomialnb_applier_component', 'component-data_writer_component']"
Multinomialnb Component 2,-1,-1,-1,5.999458800069988,49.45166090014391,4008.950901000062,358.065285500139,361.2776129001286,10.050354100065306,"['component-csv_reader_component', 'component-nonstandard_column_remover_component', 'component-data_partition_component', 'component-simpleimputergeneric_component', 'component-onehotencoder_component', 'component-multinomialnb_component', 'component-simpleimputergeneric_applier_component', 'component-onehotencoder_applier_component', 'component-multinomialnb_applier_component', 'component-data_writer_component']"
Nearestcentroid Component 0,0.63264,0.801505076305384,0.8275395455991685,5.999458800069988,49.45166090014391,4008.950901000062,358.065285500139,361.2776129001286,11.20855089998804,"['component-csv_reader_component', 'component-nonstandard_column_remover_component', 'component-data_partition_component', 'component-simpleimputergeneric_component', 'component-ordinalencoder_component', 'component-minmaxscaler_component', 'component-nearestcentroid_component', 'component-simpleimputergeneric_applier_component', 'component-ordinalencoder_applier_component', 'component-minmaxscaler_applier_component', 'component-nearestcentroid_applier_component', 'component-data_writer_component']"
Nearestcentroid Component 1,0.66968,0.7556020181855013,1.4756032406198256,5.999458800069988,49.45166090014391,4008.950901000062,358.065285500139,361.2776129001286,10.13681220007129,"['component-csv_reader_component', 'component-nonstandard_column_remover_component', 'component-data_partition_component', 'component-simpleimputergeneric_component', 'component-ordinalencoder_component', 'component-quantiletransformer_component', 'component-nearestcentroid_component', 'component-simpleimputergeneric_applier_component', 'component-ordinalencoder_applier_component', 'component-quantiletransformer_applier_component', 'component-nearestcentroid_applier_component', 'component-data_writer_component']"
Nearestcentroid Component 2,0.60768,0.8047829630417065,1.287824242148587,5.999458800069988,49.45166090014391,4008.950901000062,358.065285500139,361.2776129001286,14.727547199930996,"['component-csv_reader_component', 'component-nonstandard_column_remover_component', 'component-data_partition_component', 'component-simpleimputergeneric_component', 'component-onehotencoder_component', 'component-minmaxscaler_component', 'component-nearestcentroid_component', 'component-simpleimputergeneric_applier_component', 'component-onehotencoder_applier_component', 'component-minmaxscaler_applier_component', 'component-nearestcentroid_applier_component', 'component-data_writer_component']"
Nearestcentroid Component 3,0.64048,0.7803813298417692,1.5908097996007113,5.999458800069988,49.45166090014391,4008.950901000062,358.065285500139,361.2776129001286,15.468488299986348,"['component-csv_reader_component', 'component-nonstandard_column_remover_component', 'component-data_partition_component', 'component-simpleimputergeneric_component', 'component-onehotencoder_component', 'component-quantiletransformer_component', 'component-nearestcentroid_component', 'component-simpleimputergeneric_applier_component', 'component-onehotencoder_applier_component', 'component-quantiletransformer_applier_component', 'component-nearestcentroid_applier_component', 'component-data_writer_component']"
Nearestcentroid Component 4,0.65472,0.7984232613842,0.9067379108437931,5.999458800069988,49.45166090014391,4008.950901000062,358.065285500139,361.2776129001286,10.978991799987853,"['component-csv_reader_component', 'component-nonstandard_column_remover_component', 'component-data_partition_component', 'component-simpleimputergeneric_component', 'component-ordinalencoder_component', 'component-maxabsscaler_component', 'component-nearestcentroid_component', 'component-simpleimputergeneric_applier_component', 'component-ordinalencoder_applier_component', 'component-maxabsscaler_applier_component', 'component-nearestcentroid_applier_component', 'component-data_writer_component']"
Nearestcentroid Component 5,0.52576,0.6241770757716087,0.7509852905970241,5.999458800069988,49.45166090014391,4008.950901000062,358.065285500139,361.2776129001286,10.029208100168034,"['component-csv_reader_component', 'component-nonstandard_column_remover_component', 'component-data_partition_component', 'component-simpleimputergeneric_component', 'component-ordinalencoder_component', 'component-normalizer_component', 'component-nearestcentroid_component', 'component-simpleimputergeneric_applier_component', 'component-ordinalencoder_applier_component', 'component-normalizer_applier_component', 'component-nearestcentroid_applier_component', 'component-data_writer_component']"
Nearestcentroid Component 6,0.62704,0.7912197524955296,1.3866604175976425,5.999458800069988,49.45166090014391,4008.950901000062,358.065285500139,361.2776129001286,13.369490799959749,"['component-csv_reader_component', 'component-nonstandard_column_remover_component', 'component-data_partition_component', 'component-simpleimputergeneric_component', 'component-onehotencoder_component', 'component-maxabsscaler_component', 'component-nearestcentroid_component', 'component-simpleimputergeneric_applier_component', 'component-onehotencoder_applier_component', 'component-maxabsscaler_applier_component', 'component-nearestcentroid_applier_component', 'component-data_writer_component']"
Nearestcentroid Component 7,0.59536,0.595293524716704,0.7226751566354529,5.999458800069988,49.45166090014391,4008.950901000062,358.065285500139,361.2776129001286,15.739636200014502,"['component-csv_reader_component', 'component-nonstandard_column_remover_component', 'component-data_partition_component', 'component-simpleimputergeneric_component', 'component-onehotencoder_component', 'component-normalizer_component', 'component-nearestcentroid_component', 'component-simpleimputergeneric_applier_component', 'component-onehotencoder_applier_component', 'component-normalizer_applier_component', 'component-nearestcentroid_applier_component', 'component-data_writer_component']"
Nearestcentroid Component 8,0.94216,0.802617637405235,0.8706810843369871,5.999458800069988,49.45166090014391,4008.950901000062,358.065285500139,361.2776129001286,10.231353200040758,"['component-csv_reader_component', 'component-nonstandard_column_remover_component', 'component-data_partition_component', 'component-simpleimputergeneric_component', 'component-ordinalencoder_component', 'component-robustscaler_component', 'component-nearestcentroid_component', 'component-simpleimputergeneric_applier_component', 'component-ordinalencoder_applier_component', 'component-robustscaler_applier_component', 'component-nearestcentroid_applier_component', 'component-data_writer_component']"
Nearestcentroid Component 9,0.95296,0.8001011026802854,1.2556279094080316,5.999458800069988,49.45166090014391,4008.950901000062,358.065285500139,361.2776129001286,14.795721200061962,"['component-csv_reader_component', 'component-nonstandard_column_remover_component', 'component-data_partition_component', 'component-simpleimputergeneric_component', 'component-onehotencoder_component', 'component-robustscaler_component', 'component-nearestcentroid_component', 'component-simpleimputergeneric_applier_component', 'component-onehotencoder_applier_component', 'component-robustscaler_applier_component', 'component-nearestcentroid_applier_component', 'component-data_writer_component']"
Nusvc Component 0,-1,-1,-1,5.999458800069988,49.45166090014391,4008.950901000062,358.065285500139,361.2776129001286,8.0519212000072,"['component-csv_reader_component', 'component-nonstandard_column_remover_component', 'component-data_partition_component', 'component-simpleimputergeneric_component', 'component-ordinalencoder_component', 'component-minmaxscaler_component', 'component-nusvc_component', 'component-simpleimputergeneric_applier_component', 'component-ordinalencoder_applier_component', 'component-minmaxscaler_applier_component', 'component-nusvc_applier_component', 'component-data_writer_component']"
Nusvc Component 1,-1,-1,-1,5.999458800069988,49.45166090014391,4008.950901000062,358.065285500139,361.2776129001286,7.095177500043064,"['component-csv_reader_component', 'component-nonstandard_column_remover_component', 'component-data_partition_component', 'component-simpleimputergeneric_component', 'component-ordinalencoder_component', 'component-quantiletransformer_component', 'component-nusvc_component', 'component-simpleimputergeneric_applier_component', 'component-ordinalencoder_applier_component', 'component-quantiletransformer_applier_component', 'component-nusvc_applier_component', 'component-data_writer_component']"
Nusvc Component 2,-1,-1,-1,5.999458800069988,49.45166090014391,4008.950901000062,358.065285500139,361.2776129001286,9.840491099981591,"['component-csv_reader_component', 'component-nonstandard_column_remover_component', 'component-data_partition_component', 'component-simpleimputergeneric_component', 'component-onehotencoder_component', 'component-minmaxscaler_component', 'component-nusvc_component', 'component-simpleimputergeneric_applier_component', 'component-onehotencoder_applier_component', 'component-minmaxscaler_applier_component', 'component-nusvc_applier_component', 'component-data_writer_component']"
Nusvc Component 3,-1,-1,-1,5.999458800069988,49.45166090014391,4008.950901000062,358.065285500139,361.2776129001286,9.989590500015765,"['component-csv_reader_component', 'component-nonstandard_column_remover_component', 'component-data_partition_component', 'component-simpleimputergeneric_component', 'component-onehotencoder_component', 'component-quantiletransformer_component', 'component-nusvc_component', 'component-simpleimputergeneric_applier_component', 'component-onehotencoder_applier_component', 'component-quantiletransformer_applier_component', 'component-nusvc_applier_component', 'component-data_writer_component']"
Nusvc Component 4,-1,-1,-1,5.999458800069988,49.45166090014391,4008.950901000062,358.065285500139,361.2776129001286,7.560157800093293,"['component-csv_reader_component', 'component-nonstandard_column_remover_component', 'component-data_partition_component', 'component-simpleimputergeneric_component', 'component-ordinalencoder_component', 'component-maxabsscaler_component', 'component-nusvc_component', 'component-simpleimputergeneric_applier_component', 'component-ordinalencoder_applier_component', 'component-maxabsscaler_applier_component', 'component-nusvc_applier_component', 'component-data_writer_component']"
Nusvc Component 5,-1,-1,-1,5.999458800069988,49.45166090014391,4008.950901000062,358.065285500139,361.2776129001286,7.625872700009495,"['component-csv_reader_component', 'component-nonstandard_column_remover_component', 'component-data_partition_component', 'component-simpleimputergeneric_component', 'component-ordinalencoder_component', 'component-normalizer_component', 'component-nusvc_component', 'component-simpleimputergeneric_applier_component', 'component-ordinalencoder_applier_component', 'component-normalizer_applier_component', 'component-nusvc_applier_component', 'component-data_writer_component']"
Nusvc Component 6,-1,-1,-1,5.999458800069988,49.45166090014391,4008.950901000062,358.065285500139,361.2776129001286,10.023690999951214,"['component-csv_reader_component', 'component-nonstandard_column_remover_component', 'component-data_partition_component', 'component-simpleimputergeneric_component', 'component-onehotencoder_component', 'component-maxabsscaler_component', 'component-nusvc_component', 'component-simpleimputergeneric_applier_component', 'component-onehotencoder_applier_component', 'component-maxabsscaler_applier_component', 'component-nusvc_applier_component', 'component-data_writer_component']"
Nusvc Component 7,-1,-1,-1,5.999458800069988,49.45166090014391,4008.950901000062,358.065285500139,361.2776129001286,9.477498000022024,"['component-csv_reader_component', 'component-nonstandard_column_remover_component', 'component-data_partition_component', 'component-simpleimputergeneric_component', 'component-onehotencoder_component', 'component-normalizer_component', 'component-nusvc_component', 'component-simpleimputergeneric_applier_component', 'component-onehotencoder_applier_component', 'component-normalizer_applier_component', 'component-nusvc_applier_component', 'component-data_writer_component']"
Nusvc Component 8,-1,-1,-1,5.999458800069988,49.45166090014391,4008.950901000062,358.065285500139,361.2776129001286,7.517553700134158,"['component-csv_reader_component', 'component-nonstandard_column_remover_component', 'component-data_partition_component', 'component-simpleimputergeneric_component', 'component-ordinalencoder_component', 'component-robustscaler_component', 'component-nusvc_component', 'component-simpleimputergeneric_applier_component', 'component-ordinalencoder_applier_component', 'component-robustscaler_applier_component', 'component-nusvc_applier_component', 'component-data_writer_component']"
Nusvc Component 9,-1,-1,-1,5.999458800069988,49.45166090014391,4008.950901000062,358.065285500139,361.2776129001286,8.837348300032318,"['component-csv_reader_component', 'component-nonstandard_column_remover_component', 'component-data_partition_component', 'component-simpleimputergeneric_component', 'component-onehotencoder_component', 'component-robustscaler_component', 'component-nusvc_component', 'component-simpleimputergeneric_applier_component', 'component-onehotencoder_applier_component', 'component-robustscaler_applier_component', 'component-nusvc_applier_component', 'component-data_writer_component']"
Passiveaggressiveclassifier Component 0,0.97296,-1,-1,5.999458800069988,49.45166090014391,4008.950901000062,358.065285500139,361.2776129001286,9.294480199925601,"['component-csv_reader_component', 'component-nonstandard_column_remover_component', 'component-data_partition_component', 'component-simpleimputergeneric_component', 'component-ordinalencoder_component', 'component-passiveaggressiveclassifier_component', 'component-simpleimputergeneric_applier_component', 'component-ordinalencoder_applier_component', 'component-passiveaggressiveclassifier_applier_component', 'component-data_writer_component']"
Quadraticdiscriminantanalysis Component 0,-1,-1,-1,5.999458800069988,49.45166090014391,4008.950901000062,358.065285500139,361.2776129001286,7.085808800067753,"['component-csv_reader_component', 'component-nonstandard_column_remover_component', 'component-data_partition_component', 'component-simpleimputergeneric_component', 'component-ordinalencoder_component', 'component-quadraticdiscriminantanalysis_component', 'component-simpleimputergeneric_applier_component', 'component-ordinalencoder_applier_component', 'component-quadraticdiscriminantanalysis_applier_component', 'component-data_writer_component']"
Radiusneighborsclassifier Component 0,0.98224,0.8310254714981377,0.07545963575313115,5.999458800069988,49.45166090014391,4008.950901000062,358.065285500139,361.2776129001286,15.032849800074473,"['component-csv_reader_component', 'component-nonstandard_column_remover_component', 'component-data_partition_component', 'component-simpleimputergeneric_component', 'component-ordinalencoder_component', 'component-minmaxscaler_component', 'component-radiusneighborsclassifier_component', 'component-simpleimputergeneric_applier_component', 'component-ordinalencoder_applier_component', 'component-minmaxscaler_applier_component', 'component-radiusneighborsclassifier_applier_component', 'component-data_writer_component']"
Radiusneighborsclassifier Component 1,0.99696,0.9995229547776269,0.006659891905327416,5.999458800069988,49.45166090014391,4008.950901000062,358.065285500139,361.2776129001286,13.128204099833965,"['component-csv_reader_component', 'component-nonstandard_column_remover_component', 'component-data_partition_component', 'component-simpleimputergeneric_component', 'component-ordinalencoder_component', 'component-quantiletransformer_component', 'component-radiusneighborsclassifier_component', 'component-simpleimputergeneric_applier_component', 'component-ordinalencoder_applier_component', 'component-quantiletransformer_applier_component', 'component-radiusneighborsclassifier_applier_component', 'component-data_writer_component']"
Radiusneighborsclassifier Component 2,0.98496,0.9111976476530538,0.05710600938449693,5.999458800069988,49.45166090014391,4008.950901000062,358.065285500139,361.2776129001286,20.110318999970332,"['component-csv_reader_component', 'component-nonstandard_column_remover_component', 'component-data_partition_component', 'component-simpleimputergeneric_component', 'component-onehotencoder_component', 'component-minmaxscaler_component', 'component-radiusneighborsclassifier_component', 'component-simpleimputergeneric_applier_component', 'component-onehotencoder_applier_component', 'component-minmaxscaler_applier_component', 'component-radiusneighborsclassifier_applier_component', 'component-data_writer_component']"
Radiusneighborsclassifier Component 3,0.998,0.9997206887678735,0.004538450686497537,5.999458800069988,49.45166090014391,4008.950901000062,358.065285500139,361.2776129001286,20.541324899997562,"['component-csv_reader_component', 'component-nonstandard_column_remover_component', 'component-data_partition_component', 'component-simpleimputergeneric_component', 'component-onehotencoder_component', 'component-quantiletransformer_component', 'component-radiusneighborsclassifier_component', 'component-simpleimputergeneric_applier_component', 'component-onehotencoder_applier_component', 'component-quantiletransformer_applier_component', 'component-radiusneighborsclassifier_applier_component', 'component-data_writer_component']"
Radiusneighborsclassifier Component 4,0.98032,0.8571977092853177,0.07872715075612711,5.999458800069988,49.45166090014391,4008.950901000062,358.065285500139,361.2776129001286,14.612553199985996,"['component-csv_reader_component', 'component-nonstandard_column_remover_component', 'component-data_partition_component', 'component-simpleimputergeneric_component', 'component-ordinalencoder_component', 'component-maxabsscaler_component', 'component-radiusneighborsclassifier_component', 'component-simpleimputergeneric_applier_component', 'component-ordinalencoder_applier_component', 'component-maxabsscaler_applier_component', 'component-radiusneighborsclassifier_applier_component', 'component-data_writer_component']"
Radiusneighborsclassifier Component 5,0.9824,0.5462514806040865,0.08809967396890839,5.999458800069988,49.45166090014391,4008.950901000062,358.065285500139,361.2776129001286,27.971319700125605,"['component-csv_reader_component', 'component-nonstandard_column_remover_component', 'component-data_partition_component', 'component-simpleimputergeneric_component', 'component-ordinalencoder_component', 'component-normalizer_component', 'component-radiusneighborsclassifier_component', 'component-simpleimputergeneric_applier_component', 'component-ordinalencoder_applier_component', 'component-normalizer_applier_component', 'component-radiusneighborsclassifier_applier_component', 'component-data_writer_component']"
Radiusneighborsclassifier Component 6,0.98592,0.9273318816607858,0.052958697426456654,5.999458800069988,49.45166090014391,4008.950901000062,358.065285500139,361.2776129001286,18.24790160008706,"['component-csv_reader_component', 'component-nonstandard_column_remover_component', 'component-data_partition_component', 'component-simpleimputergeneric_component', 'component-onehotencoder_component', 'component-maxabsscaler_component', 'component-radiusneighborsclassifier_component', 'component-simpleimputergeneric_applier_component', 'component-onehotencoder_applier_component', 'component-maxabsscaler_applier_component', 'component-radiusneighborsclassifier_applier_component', 'component-data_writer_component']"
Radiusneighborsclassifier Component 7,0.9832,0.5037783331396024,0.08483638227520436,5.999458800069988,49.45166090014391,4008.950901000062,358.065285500139,361.2776129001286,29.845006600022316,"['component-csv_reader_component', 'component-nonstandard_column_remover_component', 'component-data_partition_component', 'component-simpleimputergeneric_component', 'component-onehotencoder_component', 'component-normalizer_component', 'component-radiusneighborsclassifier_component', 'component-simpleimputergeneric_applier_component', 'component-onehotencoder_applier_component', 'component-normalizer_applier_component', 'component-radiusneighborsclassifier_applier_component', 'component-data_writer_component']"
Radiusneighborsclassifier Component 8,-1,-1,-1,5.999458800069988,49.45166090014391,4008.950901000062,358.065285500139,361.2776129001286,12.367047699866816,"['component-csv_reader_component', 'component-nonstandard_column_remover_component', 'component-data_partition_component', 'component-simpleimputergeneric_component', 'component-ordinalencoder_component', 'component-robustscaler_component', 'component-radiusneighborsclassifier_component', 'component-simpleimputergeneric_applier_component', 'component-ordinalencoder_applier_component', 'component-robustscaler_applier_component', 'component-radiusneighborsclassifier_applier_component', 'component-data_writer_component']"
Radiusneighborsclassifier Component 9,-1,-1,-1,5.999458800069988,49.45166090014391,4008.950901000062,358.065285500139,361.2776129001286,15.49126199982129,"['component-csv_reader_component', 'component-nonstandard_column_remover_component', 'component-data_partition_component', 'component-simpleimputergeneric_component', 'component-onehotencoder_component', 'component-robustscaler_component', 'component-radiusneighborsclassifier_component', 'component-simpleimputergeneric_applier_component', 'component-onehotencoder_applier_component', 'component-robustscaler_applier_component', 'component-radiusneighborsclassifier_applier_component', 'component-data_writer_component']"
Randomforestclassifier Component 0,1.0,1.0,0.014796889355004823,5.999458800069988,49.45166090014391,4008.950901000062,358.065285500139,361.2776129001286,11.918002399848774,"['component-csv_reader_component', 'component-nonstandard_column_remover_component', 'component-data_partition_component', 'component-simpleimputergeneric_component', 'component-ordinalencoder_component', 'component-randomforestclassifier_component', 'component-simpleimputergeneric_applier_component', 'component-ordinalencoder_applier_component', 'component-randomforestclassifier_applier_component', 'component-data_writer_component']"
Randomforestclassifier Component 1,1.0,1.0,0.01646945633499598,5.999458800069988,49.45166090014391,4008.950901000062,358.065285500139,361.2776129001286,16.069493900053203,"['component-csv_reader_component', 'component-nonstandard_column_remover_component', 'component-data_partition_component', 'component-simpleimputergeneric_component', 'component-onehotencoder_component', 'component-randomforestclassifier_component', 'component-simpleimputergeneric_applier_component', 'component-onehotencoder_applier_component', 'component-randomforestclassifier_applier_component', 'component-data_writer_component']"
Ridgeclassifier Component 0,0.98304,-1,-1,5.999458800069988,49.45166090014391,4008.950901000062,358.065285500139,361.2776129001286,11.21152519993484,"['component-csv_reader_component', 'component-nonstandard_column_remover_component', 'component-data_partition_component', 'component-simpleimputergeneric_component', 'component-ordinalencoder_component', 'component-minmaxscaler_component', 'component-ridgeclassifier_component', 'component-simpleimputergeneric_applier_component', 'component-ordinalencoder_applier_component', 'component-minmaxscaler_applier_component', 'component-ridgeclassifier_applier_component', 'component-data_writer_component']"
Ridgeclassifier Component 1,0.98336,-1,-1,5.999458800069988,49.45166090014391,4008.950901000062,358.065285500139,361.2776129001286,10.8018789999187,"['component-csv_reader_component', 'component-nonstandard_column_remover_component', 'component-data_partition_component', 'component-simpleimputergeneric_component', 'component-ordinalencoder_component', 'component-quantiletransformer_component', 'component-ridgeclassifier_component', 'component-simpleimputergeneric_applier_component', 'component-ordinalencoder_applier_component', 'component-quantiletransformer_applier_component', 'component-ridgeclassifier_applier_component', 'component-data_writer_component']"
Ridgeclassifier Component 2,0.98056,-1,-1,5.999458800069988,49.45166090014391,4008.950901000062,358.065285500139,361.2776129001286,15.361999599961564,"['component-csv_reader_component', 'component-nonstandard_column_remover_component', 'component-data_partition_component', 'component-simpleimputergeneric_component', 'component-onehotencoder_component', 'component-minmaxscaler_component', 'component-ridgeclassifier_component', 'component-simpleimputergeneric_applier_component', 'component-onehotencoder_applier_component', 'component-minmaxscaler_applier_component', 'component-ridgeclassifier_applier_component', 'component-data_writer_component']"
Ridgeclassifier Component 3,0.98,-1,-1,5.999458800069988,49.45166090014391,4008.950901000062,358.065285500139,361.2776129001286,16.346193899866194,"['component-csv_reader_component', 'component-nonstandard_column_remover_component', 'component-data_partition_component', 'component-simpleimputergeneric_component', 'component-onehotencoder_component', 'component-quantiletransformer_component', 'component-ridgeclassifier_component', 'component-simpleimputergeneric_applier_component', 'component-onehotencoder_applier_component', 'component-quantiletransformer_applier_component', 'component-ridgeclassifier_applier_component', 'component-data_writer_component']"
Ridgeclassifier Component 4,0.98352,-1,-1,5.999458800069988,49.45166090014391,4008.950901000062,358.065285500139,361.2776129001286,10.552841400029138,"['component-csv_reader_component', 'component-nonstandard_column_remover_component', 'component-data_partition_component', 'component-simpleimputergeneric_component', 'component-ordinalencoder_component', 'component-maxabsscaler_component', 'component-ridgeclassifier_component', 'component-simpleimputergeneric_applier_component', 'component-ordinalencoder_applier_component', 'component-maxabsscaler_applier_component', 'component-ridgeclassifier_applier_component', 'component-data_writer_component']"
Ridgeclassifier Component 5,0.98232,-1,-1,5.999458800069988,49.45166090014391,4008.950901000062,358.065285500139,361.2776129001286,10.166694399900734,"['component-csv_reader_component', 'component-nonstandard_column_remover_component', 'component-data_partition_component', 'component-simpleimputergeneric_component', 'component-ordinalencoder_component', 'component-normalizer_component', 'component-ridgeclassifier_component', 'component-simpleimputergeneric_applier_component', 'component-ordinalencoder_applier_component', 'component-normalizer_applier_component', 'component-ridgeclassifier_applier_component', 'component-data_writer_component']"
Ridgeclassifier Component 6,0.9828,-1,-1,5.999458800069988,49.45166090014391,4008.950901000062,358.065285500139,361.2776129001286,14.885928599862382,"['component-csv_reader_component', 'component-nonstandard_column_remover_component', 'component-data_partition_component', 'component-simpleimputergeneric_component', 'component-onehotencoder_component', 'component-maxabsscaler_component', 'component-ridgeclassifier_component', 'component-simpleimputergeneric_applier_component', 'component-onehotencoder_applier_component', 'component-maxabsscaler_applier_component', 'component-ridgeclassifier_applier_component', 'component-data_writer_component']"
Ridgeclassifier Component 7,0.98112,-1,-1,5.999458800069988,49.45166090014391,4008.950901000062,358.065285500139,361.2776129001286,15.036226500058547,"['component-csv_reader_component', 'component-nonstandard_column_remover_component', 'component-data_partition_component', 'component-simpleimputergeneric_component', 'component-onehotencoder_component', 'component-normalizer_component', 'component-ridgeclassifier_component', 'component-simpleimputergeneric_applier_component', 'component-onehotencoder_applier_component', 'component-normalizer_applier_component', 'component-ridgeclassifier_applier_component', 'component-data_writer_component']"
Ridgeclassifier Component 8,0.98216,-1,-1,5.999458800069988,49.45166090014391,4008.950901000062,358.065285500139,361.2776129001286,10.70725110010244,"['component-csv_reader_component', 'component-nonstandard_column_remover_component', 'component-data_partition_component', 'component-simpleimputergeneric_component', 'component-ordinalencoder_component', 'component-robustscaler_component', 'component-ridgeclassifier_component', 'component-simpleimputergeneric_applier_component', 'component-ordinalencoder_applier_component', 'component-robustscaler_applier_component', 'component-ridgeclassifier_applier_component', 'component-data_writer_component']"
Ridgeclassifier Component 9,0.98096,-1,-1,5.999458800069988,49.45166090014391,4008.950901000062,358.065285500139,361.2776129001286,14.253275600029156,"['component-csv_reader_component', 'component-nonstandard_column_remover_component', 'component-data_partition_component', 'component-simpleimputergeneric_component', 'component-onehotencoder_component', 'component-robustscaler_component', 'component-ridgeclassifier_component', 'component-simpleimputergeneric_applier_component', 'component-onehotencoder_applier_component', 'component-robustscaler_applier_component', 'component-ridgeclassifier_applier_component', 'component-data_writer_component']"
Ridgeclassifiercv Component 0,0.93768,-1,-1,5.999458800069988,49.45166090014391,4008.950901000062,358.065285500139,361.2776129001286,10.505944299977273,"['component-csv_reader_component', 'component-nonstandard_column_remover_component', 'component-data_partition_component', 'component-simpleimputergeneric_component', 'component-ordinalencoder_component', 'component-ridgeclassifiercv_component', 'component-simpleimputergeneric_applier_component', 'component-ordinalencoder_applier_component', 'component-ridgeclassifiercv_applier_component', 'component-data_writer_component']"
Selftrainingclassifier Component 0,-1,-1,-1,5.999458800069988,49.45166090014391,4008.950901000062,358.065285500139,361.2776129001286,5.914167399983853,"['component-csv_reader_component', 'component-nonstandard_column_remover_component', 'component-data_partition_component', 'component-simpleimputergeneric_component', 'component-selftrainingclassifier_component', 'component-simpleimputergeneric_applier_component', 'component-selftrainingclassifier_applier_component', 'component-data_writer_component']"
Sgdclassifier Component 0,0.9816,-1,-1,5.999458800069988,49.45166090014391,4008.950901000062,358.065285500139,361.2776129001286,10.808313000015914,"['component-csv_reader_component', 'component-nonstandard_column_remover_component', 'component-data_partition_component', 'component-simpleimputergeneric_component', 'component-ordinalencoder_component', 'component-minmaxscaler_component', 'component-sgdclassifier_component', 'component-simpleimputergeneric_applier_component', 'component-ordinalencoder_applier_component', 'component-minmaxscaler_applier_component', 'component-sgdclassifier_applier_component', 'component-data_writer_component']"
Sgdclassifier Component 1,0.9828,-1,-1,5.999458800069988,49.45166090014391,4008.950901000062,358.065285500139,361.2776129001286,10.495972299948335,"['component-csv_reader_component', 'component-nonstandard_column_remover_component', 'component-data_partition_component', 'component-simpleimputergeneric_component', 'component-ordinalencoder_component', 'component-quantiletransformer_component', 'component-sgdclassifier_component', 'component-simpleimputergeneric_applier_component', 'component-ordinalencoder_applier_component', 'component-quantiletransformer_applier_component', 'component-sgdclassifier_applier_component', 'component-data_writer_component']"
Sgdclassifier Component 2,0.98264,-1,-1,5.999458800069988,49.45166090014391,4008.950901000062,358.065285500139,361.2776129001286,9.650388499954715,"['component-csv_reader_component', 'component-nonstandard_column_remover_component', 'component-data_partition_component', 'component-simpleimputergeneric_component', 'component-ordinalencoder_component', 'component-maxabsscaler_component', 'component-sgdclassifier_component', 'component-simpleimputergeneric_applier_component', 'component-ordinalencoder_applier_component', 'component-maxabsscaler_applier_component', 'component-sgdclassifier_applier_component', 'component-data_writer_component']"
Sgdclassifier Component 3,0.98448,-1,-1,5.999458800069988,49.45166090014391,4008.950901000062,358.065285500139,361.2776129001286,9.596588599961251,"['component-csv_reader_component', 'component-nonstandard_column_remover_component', 'component-data_partition_component', 'component-simpleimputergeneric_component', 'component-ordinalencoder_component', 'component-normalizer_component', 'component-sgdclassifier_component', 'component-simpleimputergeneric_applier_component', 'component-ordinalencoder_applier_component', 'component-normalizer_applier_component', 'component-sgdclassifier_applier_component', 'component-data_writer_component']"
Sgdclassifier Component 4,0.98032,-1,-1,5.999458800069988,49.45166090014391,4008.950901000062,358.065285500139,361.2776129001286,9.893108299933374,"['component-csv_reader_component', 'component-nonstandard_column_remover_component', 'component-data_partition_component', 'component-simpleimputergeneric_component', 'component-ordinalencoder_component', 'component-robustscaler_component', 'component-sgdclassifier_component', 'component-simpleimputergeneric_applier_component', 'component-ordinalencoder_applier_component', 'component-robustscaler_applier_component', 'component-sgdclassifier_applier_component', 'component-data_writer_component']"
Sgdclassifier Component 5,0.9804,-1,-1,5.999458800069988,49.45166090014391,4008.950901000062,358.065285500139,361.2776129001286,14.816349299857393,"['component-csv_reader_component', 'component-nonstandard_column_remover_component', 'component-data_partition_component', 'component-simpleimputergeneric_component', 'component-onehotencoder_component', 'component-sgdclassifier_component', 'component-simpleimputergeneric_applier_component', 'component-onehotencoder_applier_component', 'component-sgdclassifier_applier_component', 'component-data_writer_component']"
Svc Component 0,0.98208,-1,-1,5.999458800069988,49.45166090014391,4008.950901000062,358.065285500139,361.2776129001286,15.53757239994593,"['component-csv_reader_component', 'component-nonstandard_column_remover_component', 'component-data_partition_component', 'component-simpleimputergeneric_component', 'component-ordinalencoder_component', 'component-minmaxscaler_component', 'component-svc_component', 'component-simpleimputergeneric_applier_component', 'component-ordinalencoder_applier_component', 'component-minmaxscaler_applier_component', 'component-svc_applier_component', 'component-data_writer_component']"
Svc Component 1,0.9828,-1,-1,5.999458800069988,49.45166090014391,4008.950901000062,358.065285500139,361.2776129001286,14.901497300015762,"['component-csv_reader_component', 'component-nonstandard_column_remover_component', 'component-data_partition_component', 'component-simpleimputergeneric_component', 'component-ordinalencoder_component', 'component-quantiletransformer_component', 'component-svc_component', 'component-simpleimputergeneric_applier_component', 'component-ordinalencoder_applier_component', 'component-quantiletransformer_applier_component', 'component-svc_applier_component', 'component-data_writer_component']"
Svc Component 2,0.98312,-1,-1,5.999458800069988,49.45166090014391,4008.950901000062,358.065285500139,361.2776129001286,22.65402020001784,"['component-csv_reader_component', 'component-nonstandard_column_remover_component', 'component-data_partition_component', 'component-simpleimputergeneric_component', 'component-onehotencoder_component', 'component-minmaxscaler_component', 'component-svc_component', 'component-simpleimputergeneric_applier_component', 'component-onehotencoder_applier_component', 'component-minmaxscaler_applier_component', 'component-svc_applier_component', 'component-data_writer_component']"
Svc Component 3,0.98296,-1,-1,5.999458800069988,49.45166090014391,4008.950901000062,358.065285500139,361.2776129001286,21.97523839981295,"['component-csv_reader_component', 'component-nonstandard_column_remover_component', 'component-data_partition_component', 'component-simpleimputergeneric_component', 'component-onehotencoder_component', 'component-quantiletransformer_component', 'component-svc_component', 'component-simpleimputergeneric_applier_component', 'component-onehotencoder_applier_component', 'component-quantiletransformer_applier_component', 'component-svc_applier_component', 'component-data_writer_component']"
Svc Component 4,0.98288,-1,-1,5.999458800069988,49.45166090014391,4008.950901000062,358.065285500139,361.2776129001286,15.177109000040218,"['component-csv_reader_component', 'component-nonstandard_column_remover_component', 'component-data_partition_component', 'component-simpleimputergeneric_component', 'component-ordinalencoder_component', 'component-maxabsscaler_component', 'component-svc_component', 'component-simpleimputergeneric_applier_component', 'component-ordinalencoder_applier_component', 'component-maxabsscaler_applier_component', 'component-svc_applier_component', 'component-data_writer_component']"
Svc Component 5,0.98368,-1,-1,5.999458800069988,49.45166090014391,4008.950901000062,358.065285500139,361.2776129001286,12.609839800046757,"['component-csv_reader_component', 'component-nonstandard_column_remover_component', 'component-data_partition_component', 'component-simpleimputergeneric_component', 'component-ordinalencoder_component', 'component-normalizer_component', 'component-svc_component', 'component-simpleimputergeneric_applier_component', 'component-ordinalencoder_applier_component', 'component-normalizer_applier_component', 'component-svc_applier_component', 'component-data_writer_component']"
Svc Component 6,0.98168,-1,-1,5.999458800069988,49.45166090014391,4008.950901000062,358.065285500139,361.2776129001286,23.292669199872762,"['component-csv_reader_component', 'component-nonstandard_column_remover_component', 'component-data_partition_component', 'component-simpleimputergeneric_component', 'component-onehotencoder_component', 'component-maxabsscaler_component', 'component-svc_component', 'component-simpleimputergeneric_applier_component', 'component-onehotencoder_applier_component', 'component-maxabsscaler_applier_component', 'component-svc_applier_component', 'component-data_writer_component']"
Svc Component 7,0.9844,-1,-1,5.999458800069988,49.45166090014391,4008.950901000062,358.065285500139,361.2776129001286,18.46972900000401,"['component-csv_reader_component', 'component-nonstandard_column_remover_component', 'component-data_partition_component', 'component-simpleimputergeneric_component', 'component-onehotencoder_component', 'component-normalizer_component', 'component-svc_component', 'component-simpleimputergeneric_applier_component', 'component-onehotencoder_applier_component', 'component-normalizer_applier_component', 'component-svc_applier_component', 'component-data_writer_component']"
Svc Component 8,0.98304,-1,-1,5.999458800069988,49.45166090014391,4008.950901000062,358.065285500139,361.2776129001286,11.660247100051492,"['component-csv_reader_component', 'component-nonstandard_column_remover_component', 'component-data_partition_component', 'component-simpleimputergeneric_component', 'component-ordinalencoder_component', 'component-robustscaler_component', 'component-svc_component', 'component-simpleimputergeneric_applier_component', 'component-ordinalencoder_applier_component', 'component-robustscaler_applier_component', 'component-svc_applier_component', 'component-data_writer_component']"
Svc Component 9,0.98328,-1,-1,5.999458800069988,49.45166090014391,4008.950901000062,358.065285500139,361.2776129001286,15.959853400010616,"['component-csv_reader_component', 'component-nonstandard_column_remover_component', 'component-data_partition_component', 'component-simpleimputergeneric_component', 'component-onehotencoder_component', 'component-robustscaler_component', 'component-svc_component', 'component-simpleimputergeneric_applier_component', 'component-onehotencoder_applier_component', 'component-robustscaler_applier_component', 'component-svc_applier_component', 'component-data_writer_component']"
